name,original price,special price,discount,plant size,return policy,type,life cycle,location,feng shui,plant age,hybride,brand
Pottplants Anthurium Plant  (Pack of 1),499.00, ₹199.00 ,60%,Medium,No Returns Allowed?,Foliage,Perennial,Indoor,No,1.00,No,Pottplants
"greenhousestore Ficus Bonsai Plant  (Hybrid, Pack of 1)",599.00, ₹130.00 ,78%,Small,No Returns Allowed?,Fruit,Annual,Both,Yes,1.00,Yes,greenhousestore
"Roy's Fashoin Brahma Kamal Plant  (Hybrid, Pack of 1)",499.00, ₹249.00 ,50%,Medium,No Returns Allowed?,Flower,Perennial,Both,No,1.00,Yes,Roy's Fashoin
"FURYHUB Tomato Plant  (Hybrid, Pack of 1)",399.00, ₹120.00 ,69%,Small,No Returns Allowed?,Fruit,Annual,Both,No,1.00,Yes,FURYHUB
"Global Mart Plant Pomegranate Plant  (Hybrid, Pack of 1)",398.00, ₹124.00 ,68%,Small,No Returns Allowed?,Fruit,Perennial,Both,No,1.00,Yes,Global Mart Plant
"greenhousestore Jackfruit Plant  (Hybrid, Pack of 1)",599.00, ₹120.00 ,79%,Small,No Returns Allowed?,Fruit,Annual,Both,Yes,1.00,Yes,greenhousestore
"Aquinnah Graden White Sandalwood Plant  (Hybrid, Pack of 1)",489.00, ₹125.00 ,74%,Small,No Returns Allowed?,Herb,Annual,Both,Yes,1.00,Yes,Aquinnah Graden
"Cloud Farm Gummy Gardenia Plant  (Hybrid, Pack of 1)",499.00, ₹135.00 ,72%,Small,No Returns Allowed?,Flower,Perennial,Both,No,1.00,Yes,Cloud Farm
"FSK Betel Nut/Supari Plant  (Hybrid, Pack of 1)",499.00, ₹121.00 ,75%,Medium,No Returns Allowed?,Fruit,Perennial,Both,No,0.50,Yes,FSK
"Cloud Farm Dragon Tree  (Hybrid, Pack of 3)",499.00, ₹125.00 ,74%,Small,No Returns Allowed?,Fruit,Annual,Both,No,1.00,Yes,Cloud Farm
"AloGardening Dragon Tree  (Hybrid, Pack of 2)",299.00, ₹130.00 ,56%,Small,No Returns Allowed?,Fruit,Perennial,Both,No,1.00,Yes,AloGardening
Mrplant Jade Plant  (Pack of 1),499.00, ₹128.00 ,74%,Small,No Returns Allowed?,Air purifier plant,Annual,Indoor,No,3.00,No,Mrplant
"pagoda point Crasulla Ovata Plant  (Hybrid, Pack of 1)",405.00, ₹130.00 ,67%,Small,No Returns Allowed?,Succulent,Annual,Both,Yes,50.00,Yes,pagoda point
UGAOO Bamboo Palm Plant  (Pack of 1),499.00, ₹279.00 ,44%,Small,No Returns Allowed?,Bamboo,Annual,Indoor,No,1.00,No,UGAOO
"LaughEarth White Sandalwood Plant  (Hybrid, Pack of 1)",499.00, ₹140.00 ,71%,Small,No Returns Allowed?,Succulent,Annual,Both,Yes,15.00,Yes,LaughEarth
"Ariya Berry Plant  (Hybrid, Pack of 1)",799.00, ₹126.00 ,84%,Medium,No Returns Allowed?,Fruit,Perennial,Outdoor,No,1.00,Yes,Ariya
"PlantsEarth Hibiscus Plant  (Hybrid, Pack of 1)",422.00, ₹120.00 ,71%,Small,No Returns Allowed?,Flower,Perennial,Both,No,1.00,Yes,PlantsEarth
"Bijaya Online Store Areca Palm  (Hybrid, Pack of 3)",449.00, ₹179.00 ,60%,Small,No Returns Allowed?,Air purifier plant,Perennial,Both,No,0.80,Yes,Bijaya Online Store
"ibains Mini Brazalian wood  (Hybrid, Pack of 44)",399.00, ₹186.00 ,53%,Medium,No Returns Allowed?,Bonsai,Perennial,Indoor,Yes,1.00,Yes,ibains
"AloGardening Guava Plant  (Hybrid, Pack of 1)",399.00, ₹185.00 ,53%,Small,No Returns Allowed?,Fruit,Perennial,Both,No,1.00,Yes,AloGardening
"AloGardening Dragon Tree  (Hybrid, Pack of 6)",399.00, ₹160.00 ,59%,Small,No Returns Allowed?,Fruit,Annual,Both,No,1.00,Yes,AloGardening
"Ukanda Hibiscus Plant  (Hybrid, Pack of 1)",399.00, ₹119.00 ,70%,Small,No Returns Allowed?,Flower,Annual,Both,Yes,0.50,Yes,Ukanda
"AloGardening Ber Apple Plant  (Hybrid, Pack of 1)",235.00, ₹139.00 ,40%,Small,No Returns Allowed?,Fruit,Perennial,Both,No,0.20,Yes,AloGardening
"EVY Shami/Jand Plant  (Hybrid, Pack of 1)",299.00, ₹118.00 ,60%,Small,No Returns Allowed?,Herb,Annual,Both,No,1.00,Yes,EVY
"greenhousestore Hibiscus Plant  (Hybrid, Pack of 1)",599.00, ₹149.00 ,75%,Small,No Returns Allowed?,Flower,Annual,Both,Yes,1.00,Yes,greenhousestore
"GreenHorizon Rudraksha Plant  (Hybrid, Pack of 1)",663.00, ₹118.00 ,82%,Small,No Returns Allowed?,Fruit,Perennial,Both,No,0.30,Yes,GreenHorizon
"Corofitam Jamun Plant  (Hybrid, Pack of 1)",399.00, ₹123.00 ,69%,Small,No Returns Allowed?,Fruit,Perennial,Both,Yes,1.00,Yes,Corofitam
"Ukanda Bay Leaf Plant  (Hybrid, Pack of 1)",349.00, ₹126.00 ,63%,Small,No Returns Allowed?,Herb,Perennial,Both,Yes,0.50,Yes,Ukanda
"Gabbro Two Layer Bamboo Plant  (Hybrid, Pack of 2)",999.00, ₹499.00 ,50%,Small,No Returns Allowed?,Bamboo,Perennial,Indoor,Yes,4.00,Yes,Gabbro
"Cloud Farm Tuberose/Rajnigandha Plant  (Hybrid, Pack of 1)",499.00, ₹121.00 ,75%,Medium,No Returns Allowed?,Herb,Perennial,Both,No,1.00,Yes,Cloud Farm
"Augadh Orange Plant  (Hybrid, Pack of 1)",299.00, ₹115.00 ,61%,Medium,No Returns Allowed?,Fruit,Perennial,Both,No,1.00,Yes,Augadh
"natikrd Chrysanthemums/ Guldavari Plant  (Hybrid, Pack of 1)",499.00, ₹140.00 ,71%,Small,No Returns Allowed?,Flower,Perennial,Both,No,1.00,Yes,natikrd
"PETALFLEUR Adenium Plant  (Hybrid, Pack of 1)",399.00, ₹140.00 ,64%,Small,No Returns Allowed?,Flower,Perennial,Both,No,1.00,Yes,PETALFLEUR
Tribute Giloy Plant  (Pack of 20),489.00, ₹140.00 ,71%,Small,No Returns Allowed?,Herb,Perennial,Both,No,5.00,No,Tribute
"greenhousestore Shami/Jand Plant  (Hybrid, Pack of 1)",599.00, ₹123.00 ,79%,Small,No Returns Allowed?,Succulent,Annual,Both,Yes,1.00,Yes,greenhousestore
"greenhousestore Orchid Plant  (Hybrid, Pack of 1)",549.00, ₹127.00 ,76%,Small,No Returns Allowed?,Flower,Annual,Both,Yes,1.00,Yes,greenhousestore
"HARIGURU Aparajita/ Butterfly Pea Plant  (Hybrid, Pack of 1)",299.00, ₹180.00 ,39%,Medium,No Returns Allowed?,Flower,Biennial,Both,Yes,0.50,Yes,HARIGURU
"PLANTTOOZS White Sandalwood Plant  (Hybrid, Pack of 1)",399.00, ₹130.00 ,67%,Small,No Returns Allowed?,Succulent,Annual,Both,Yes,1.00,Yes,PLANTTOOZS
"ZOOMGREEN Aglaonema Plant  (Hybrid, Pack of 1)",499.00, ₹258.00 ,48%,Medium,No Returns Allowed?,Air purifier plant,Annual,Indoor,No,1.00,Yes,ZOOMGREEN
"greenhousestore Grapes Plant  (Hybrid, Pack of 1)",599.00, ₹125.00 ,79%,Small,No Returns Allowed?,Fruit,Annual,Both,Yes,1.00,Yes,greenhousestore
"Linaa Jade Plant  (Hybrid, Pack of 1)",999.00, ₹125.00 ,87%,Small,No Returns Allowed?,Bonsai,Annual,Both,Yes,1.00,Yes,Linaa
"ZOOMGREEN Aglaonema Plant  (Hybrid, Pack of 1)",499.00, ₹258.00 ,48%,Medium,No Returns Allowed?,Air purifier plant,Annual,Indoor,No,1.00,Yes,ZOOMGREEN
"HARIGURU Aparajita/ Butterfly Pea Plant  (Hybrid, Pack of 1)",299.00, ₹180.00 ,39%,Medium,No Returns Allowed?,Flower,Biennial,Both,Yes,0.50,Yes,HARIGURU
"greenhousestore Orchid Plant  (Hybrid, Pack of 1)",549.00, ₹127.00 ,76%,Small,No Returns Allowed?,Flower,Annual,Both,Yes,1.00,Yes,greenhousestore
"greenhousestore Grapes Plant  (Hybrid, Pack of 1)",599.00, ₹125.00 ,79%,Small,No Returns Allowed?,Fruit,Annual,Both,Yes,1.00,Yes,greenhousestore
"PLANTTOOZS White Sandalwood Plant  (Hybrid, Pack of 1)",399.00, ₹130.00 ,67%,Small,No Returns Allowed?,Succulent,Annual,Both,Yes,1.00,Yes,PLANTTOOZS
"AquinnahGaden Pistachio Plant  (Hybrid, Pack of 1)",499.00, ₹189.00 ,62%,Medium,No Returns Allowed?,Fruit,Annual,Both,Yes,1.00,Yes,AquinnahGaden
"MAITRA AND SONS Areca Plam  (Hybrid, Pack of 1)",199.00, ₹132.00 ,33%,Medium,No Returns Allowed?,Shrub,Perennial,Indoor,Yes,1.00,Yes,MAITRA AND SONS
"HIGH TECH FARM Wax Apple Plant  (Hybrid, Pack of 1)",499.00, ₹123.00 ,75%,Medium,No Returns Allowed?,Fruit,Perennial,Both,No,1.00,Yes,HIGH TECH FARM
"Grinian Spider Plant  (Hybrid, Pack of 1)",489.00, ₹165.00 ,66%,Small,No Returns Allowed?,Foliage,Perennial,Indoor,Yes,1.00,Yes,Grinian
GHF Two Layer Bamboo Plant  (Pack of 1),399.00, ₹256.00 ,35%,Small,No Returns Allowed?,Bamboo,Annual,Indoor,Yes,1.00,No,GHF
PLANTTOOZS Coconut Plant  (Pack of 1),904.00, ₹196.00 ,78%,Medium,No Returns Allowed?,Fruit,Perennial,Both,No,1.00,No,PLANTTOOZS
"greenhousestore Curry Leaf Plant  (Hybrid, Pack of 1)",599.00, ₹125.00 ,79%,Small,No Returns Allowed?,Herb,Annual,Both,Yes,1.00,Yes,greenhousestore
"AquinnahGaden Brahma Kamal Plant  (Hybrid, Pack of 1)",350.00, ₹126.00 ,64%,Medium,No Returns Allowed?,Flower,Annual,Both,Yes,1.00,Yes,AquinnahGaden
Harshgreen Two Layer Bamboo Plant  (Pack of 2),799.00, ₹381.00 ,52%,Medium,No Returns Allowed?,Bamboo,Annual,Both,Yes,24.00,No,Harshgreen
"EVY Rudraksha Plant  (Hybrid, Pack of 1)",299.00, ₹114.00 ,61%,Small,No Returns Allowed?,Succulent,Annual,Both,No,1.00,Yes,EVY
"MircleGarden Tulsi Plant  (Hybrid, Pack of 1)",249.00, ₹120.00 ,51%,Small,No Returns Allowed?,Herb,Perennial,Both,Yes,1.00,Yes,MircleGarden
"Cloud Farm Adenium Plant  (Hybrid, Pack of 5)",499.00, ₹399.00 ,68%,Small,No Returns Allowed?,Flower,Perennial,Both,No,1.00,Yes,Cloud Farm
"UGAOO Broken Heart Plant  (Hybrid, Pack of 1)",449.00, ₹299.00 ,33%,Small,No Returns Allowed?,Air purifier plant,Annual,Indoor,No,1.00,Yes,UGAOO
"AquinnahGaden Areca Palm  (Hybrid, Pack of 1)",499.00, ₹139.00 ,72%,Medium,No Returns Allowed?,Foliage,Annual,Both,Yes,1.00,Yes,AquinnahGaden
"rimardmistu Drumstick Tree Plant  (Hybrid, Pack of 1)",599.00, ₹226.00 ,62%,Medium,No Returns Allowed?,Herb,Perennial,Both,Yes,1.00,Yes,rimardmistu
"greengrow Neem Plant  (Hybrid, Pack of 1)",589.00, ₹125.00 ,78%,Small,No Returns Allowed?,Foliage,Annual,Both,Yes,1.00,Yes,greengrow
"greenhousestore Apple Plant  (Hybrid, Pack of 1)",408.00, ₹118.00 ,71%,Medium,No Returns Allowed?,Fruit,Perennial,Both,Yes,1.00,Yes,greenhousestore
"PB honey priya plant Shami/Jand Plant  (Hybrid, Pack of 1)",398.00, ₹118.00 ,70%,Small,No Returns Allowed?,Herb,Perennial,Both,Yes,1.00,Yes,PB honey priya plant
Kyari Jade Plant  (Pack of 1),499.00, ₹149.00 ,70%,Small,No Returns Allowed?,Foliage,Perennial,Indoor,No,1.00,No,Kyari
"Click to purchase Madhu Kamini Plant  (Hybrid, Pack of 1)",270.00, ₹132.00 ,51%,Small,No Returns Allowed?,Flower,Perennial,Both,No,0.20,Yes,Click to purchase
"FasanGreen Jasmine Plant  (Hybrid, Pack of 1)",249.00, ₹119.00 ,52%,Small,No Returns Allowed?,Flower,Perennial,Both,Yes,1.00,Yes,FasanGreen
"AquinnahGaden Black Pepper Plant  (Hybrid, Pack of 2)",489.00, ₹149.00 ,69%,Medium,No Returns Allowed?,Herb,Annual,Both,Yes,1.00,Yes,AquinnahGaden
"PlantsMart Hibiscus Plant  (Hybrid, Pack of 1)",229.00, ₹120.00 ,47%,Small,No Returns Allowed?,Flower,Perennial,Both,No,0.90,Yes,PlantsMart
Skrhuvoy Coleus Plant  (Pack of 1),399.00, ₹160.00 ,59%,Small,No Returns Allowed?,Tree,Perennial,Indoor,No,1.00,No,Skrhuvoy
"Cloud Farm Grapes Plant  (Hybrid, Pack of 1)",499.00, ₹135.00 ,72%,Small,No Returns Allowed?,Fruit,Perennial,Both,Yes,1.00,Yes,Cloud Farm
"Gereen View Bel Plant  (Hybrid, Pack of 1)",699.00, ₹127.00 ,81%,Small,No Returns Allowed?,Tree,Perennial,Both,No,1.50,Yes,Gereen View
"BALA PLANT CREATION Cherry Fruit Plant  (Hybrid, Pack of 1)",499.00, ₹122.00 ,75%,Medium,No Returns Allowed?,Fruit,Annual,Both,Yes,1.00,Yes,BALA PLANT CREATION
"ARYAN EVERGREEN Rose Plant  (Hybrid, Pack of 1)",339.00, ₹115.00 ,66%,Small,No Returns Allowed?,Flower,Perennial,Both,No,1.00,Yes,ARYAN EVERGREEN
ADITYA GREEN PLANTS AGP Bacopa Monnieri  (Pack of 1),399.00, ₹118.00 ,70%,Small,No Returns Allowed?,Herb,Annual,Both,No,1.00,No,ADITYA GREEN PLANTS AGP
"Cloud Farm Durian Plant  (Hybrid, Pack of 1)",499.00, ₹122.00 ,75%,Small,No Returns Allowed?,Fruit,Perennial,Both,No,1.00,Yes,Cloud Farm
"Global Mart Plant Mini Brazalian wood  (Hybrid, Pack of 1)",399.00, ₹125.00 ,68%,Medium,No Returns Allowed?,Bamboo,Perennial,Both,Yes,1.00,Yes,Global Mart Plant
"GreenHorizon Guava Plant  (Hybrid, Pack of 1)",250.00, ₹120.00 ,52%,Small,No Returns Allowed?,Fruit,Perennial,Both,No,1.00,Yes,GreenHorizon
"greenhousestore Apple Plant  (Hybrid, Pack of 1)",599.00, ₹117.00 ,80%,Small,No Returns Allowed?,Fruit,Annual,Both,Yes,1.00,Yes,greenhousestore
"FURYHUB Portulaca Plant  (Hybrid, Pack of 1)",399.00, ₹134.00 ,66%,Small,No Returns Allowed?,Flower,Annual,Both,No,1.00,Yes,FURYHUB
"greenhousestore Wax Apple Plant  (Hybrid, Pack of 1)",599.00, ₹135.00 ,77%,Small,No Returns Allowed?,Fruit,Annual,Both,Yes,1.00,Yes,greenhousestore
"GreenGrowth Orchid Plant  (Hybrid, Pack of 4)",799.00, ₹146.00 ,81%,Small,No Returns Allowed?,Tree,Annual,Both,No,0.20,Yes,GreenGrowth
"Royplant Snake Plant  (Hybrid, Pack of 1)",432.00, ₹135.00 ,68%,Small,No Returns Allowed?,Foliage,Perennial,Both,Yes,1.00,Yes,Royplant
"Cloud Farm Rose Plant  (Hybrid, Pack of 1)",499.00, ₹119.00 ,76%,Small,No Returns Allowed?,Flower,Perennial,Both,No,1.00,Yes,Cloud Farm
"GREENELAND lotus  (Hybrid, Pack of 1)",153.00, ₹112.00 ,26%,Small,No Returns Allowed?,Flower,Annual,Both,Yes,1.00,Yes,GREENELAND
"Click to buy Calathea Dottie  (Hybrid, Pack of 1)",999.00, ₹146.00 ,85%,Small,No Returns Allowed?,Foliage,Perennial,Both,Yes,1.00,Yes,Click to buy
"Hug A Plant Vanilla Plant  (Hybrid, Pack of 1)",799.00, ₹399.00 ,50%,Small,No Returns Allowed?,Creepers and Climbers,Perennial,Both,No,1.00,Yes,Hug A Plant
"greengrow Snake Plant  (Hybrid, Pack of 1)",499.00, ₹191.00 ,61%,Small,No Returns Allowed?,Shrub,Annual,Both,Yes,1.00,Yes,greengrow
"EarthAngel Rose Plant  (Hybrid, Pack of 1)",499.00, ₹124.00 ,75%,Small,No Returns Allowed?,Flower,Annual,Both,Yes,0.50,Yes,EarthAngel
KUMUBON Begonia Vanusta Plant  (Pack of 1),299.00, ₹161.00 ,46%,Medium,No Returns Allowed?,Flower,Perennial,Both,No,1.00,No,KUMUBON
"greenhousestore ZZ Plant  (Hybrid, Pack of 1)",599.00, ₹125.00 ,79%,Small,No Returns Allowed?,Fruit,Annual,Both,Yes,1.00,Yes,greenhousestore
"greenhousestore Star Fruit Carambola Grafted Plant  (Hybrid, Pack of 1)",376.00, ₹121.00 ,67%,Small,No Returns Allowed?,Fruit,Perennial,Indoor,Yes,1.00,Yes,greenhousestore
"HARIGURU Shahtoot/Mulberry Plant  (Hybrid, Pack of 1)",299.00, ₹189.00 ,36%,Medium,No Returns Allowed?,Fruit,Biennial,Both,Yes,0.50,Yes,HARIGURU
"greenhousestore Aloe Vera Plant  (Hybrid, Pack of 1)",599.00, ₹220.00 ,63%,Small,No Returns Allowed?,Herb,Annual,Both,Yes,1.00,Yes,greenhousestore
"WZZA Laxmi Kamal Plant  (Hybrid, Pack of 1)",499.00, ₹297.00 ,40%,Small,No Returns Allowed?,Succulent,Annual,Both,Yes,2.00,Yes,WZZA
"FSK Cinnamon Plant  (Hybrid, Pack of 1)",419.00, ₹133.00 ,68%,Medium,No Returns Allowed?,Herb,Perennial,Both,Yes,1.00,Yes,FSK
"GHF Two Layer Bamboo Plant  (Hybrid, Pack of 1)",399.00, ₹174.00 ,56%,Small,No Returns Allowed?,Bamboo,Perennial,Indoor,Yes,4.00,Yes,GHF
"greenhousestore Jack Fruit Plant  (Hybrid, Pack of 1)",598.00, ₹139.00 ,76%,Small,No Returns Allowed?,Fruit,Annual,Both,Yes,1.00,Yes,greenhousestore
"PB HONEY PRIYA PLaNTS Bluebell barleria Plant  (Hybrid, Pack of 1)",299.00, ₹175.00 ,41%,Medium,No Returns Allowed?,Fruit,Annual,Both,Yes,1.00,Yes,PB HONEY PRIYA PLaNTS
"jarr Money Plant  (Hybrid, Pack of 1)",499.00, ₹125.00 ,74%,Small,No Returns Allowed?,Air purifier plant,Perennial,Both,Yes,1.00,Yes,jarr
"PB honey priya plant Star Fruit Carambola Grafted Plant  (Hybrid, Pack of 1)",398.00, ₹124.00 ,68%,Medium,No Returns Allowed?,Fruit,Biennial,Both,Yes,1.00,Yes,PB honey priya plant
"greenhousestore Madhumalti/Rangoon Creeper  (Hybrid, Pack of 1)",313.00, ₹120.00 ,61%,Medium,No Returns Allowed?,Flower,Perennial,Both,Yes,1.00,Yes,greenhousestore
"AloGardening Betel Leaf Plant  (Hybrid, Pack of 1)",399.00, ₹185.00 ,53%,Small,No Returns Allowed?,Herb,Biennial,Both,No,1.00,Yes,AloGardening
"Samarthgreens Pomegranate Plant  (Hybrid, Pack of 1)",599.00, ₹126.00 ,78%,Small,No Returns Allowed?,Fruit,Annual,Indoor,Yes,1.00,Yes,Samarthgreens
"PEDPOUDHE Calathea Plant  (Hybrid, Pack of 1)",1000.00, ₹167.00 ,83%,Small,No Returns Allowed?,Foliage,Perennial,Indoor,No,1.00,Yes,PEDPOUDHE
"GreenHorizon Aloe Vera Plant  (Hybrid, Pack of 1)",499.00, ₹135.00 ,68%,Small,No Returns Allowed?,Herb,Annual,Both,Yes,0.60,Yes,GreenHorizon
"Cloud Farm Adenium Plant  (Hybrid, Pack of 6)",999.00, ₹299.00 ,70%,Small,No Returns Allowed?,Flower,Perennial,Both,Yes,1.00,Yes,Cloud Farm
"MAITRA AND SONS Jade Plant  (Hybrid, Pack of 1)",299.00, ₹125.00 ,58%,Medium,No Returns Allowed?,Foliage,Perennial,Both,No,1.00,Yes,MAITRA AND SONS
E-GARDEN RED ROSE PLANT  (Pack of 1),499.00, ₹145.00 ,70%,Small,No Returns Allowed?,Flower,Perennial,Indoor,No,1.00,No,E-GARDEN
"AquinnahGaden Areca Palm  (Hybrid, Pack of 1)",492.00, ₹152.00 ,69%,Medium,No Returns Allowed?,Herb,Annual,Both,Yes,1.00,Yes,AquinnahGaden
"Zomoloco Ber Apple Plant  (Hybrid, Pack of 1)",399.00, ₹130.00 ,67%,Small,No Returns Allowed?,Fruit,Perennial,Both,No,1.00,Yes,Zomoloco
"ARYAN EVERGREEN Lily Plant  (Hybrid, Pack of 1)",599.00, ₹130.00 ,78%,Small,No Returns Allowed?,Flower,Perennial,Both,Yes,2.00,Yes,ARYAN EVERGREEN
"greenhousestore Banana Plant  (Hybrid, Pack of 1)",499.00, ₹135.00 ,68%,Small,No Returns Allowed?,Fruit,Perennial,Both,Yes,0.60,Yes,greenhousestore
"GaiaStore Orchid Plant  (Hybrid, Pack of 5)",899.00, ₹146.00 ,83%,Small,No Returns Allowed?,Flower,Biennial,Indoor,Yes,1.00,Yes,GaiaStore
"Gabbro Jade Plant  (Hybrid, Pack of 1)",499.00, ₹199.00 ,60%,Medium,No Returns Allowed?,Succulent,Perennial,Both,Yes,10.00,Yes,Gabbro
"Rm live plant ZZ Plant  (Hybrid, Pack of 1)",499.00, ₹169.00 ,66%,Small,No Returns Allowed?,Bonsai,Annual,Indoor,No,1.00,Yes,Rm live plant
"Vijay Sales Spider Plant  (Hybrid, Pack of 1)",498.00, ₹128.00 ,74%,Small,No Returns Allowed?,Foliage,Annual,Indoor,No,1.00,Yes,Vijay Sales
"greenhousestore Coconut Plant  (Hybrid, Pack of 1)",599.00, ₹169.00 ,71%,Small,No Returns Allowed?,Fruit,Annual,Both,Yes,1.00,Yes,greenhousestore
"greenhousestore Rose Plant  (Hybrid, Pack of 1)",499.00, ₹120.00 ,75%,Small,No Returns Allowed?,Flower,Annual,Both,Yes,1.00,Yes,greenhousestore
"Tha live root Laxmi kamal Laxmi Kamal Plant  (Hybrid, Pack of 1)",500.00, ₹199.00 ,60%,Small,No Returns Allowed?,Succulent,Annual,Both,Yes,1.00,Yes,Tha live root Laxmi kamal
"AquinnahGaden Insulin Plant  (Hybrid, Pack of 1)",489.00, ₹123.00 ,74%,Medium,No Returns Allowed?,Herb,Annual,Both,Yes,1.00,Yes,AquinnahGaden
"sealok Euphorbia Plant  (Hybrid, Pack of 1)",399.00, ₹127.00 ,68%,Small,No Returns Allowed?,Flower,Annual,Both,No,1.00,Yes,sealok
"ABEFARIYA Begonia Vanusta Plant  (Hybrid, Pack of 1)",1200.00, ₹140.00 ,88%,Small,No Returns Allowed?,Flower,Perennial,Both,Yes,1.00,Yes,ABEFARIYA
"FURYHUB Money Plant  (Hybrid, Pack of 1)",499.00, ₹130.00 ,73%,Small,No Returns Allowed?,Succulent,Annual,Both,No,1.00,Yes,FURYHUB
"AloGardening Adenium Plant  (Hybrid, Pack of 9)",1099.00, ₹483.00 ,56%,Small,No Returns Allowed?,Flower,Perennial,Both,No,1.00,Yes,AloGardening
"MAITRA AND SONS Rosemary Plant  (Hybrid, Pack of 1)",299.00, ₹180.00 ,39%,Medium,No Returns Allowed?,Herb,Perennial,Both,No,1.00,Yes,MAITRA AND SONS
"KUMUBON Madhu Kamini Plant  (Hybrid, Pack of 1)",299.00, ₹250.00 ,16%,Small,No Returns Allowed?,Flower,Perennial,Both,Yes,1.00,Yes,KUMUBON
"Cloud Farm Papaya Plant  (Hybrid, Pack of 1)",499.00, ₹136.00 ,72%,Medium,No Returns Allowed?,Fruit,Perennial,Both,No,1.00,Yes,Cloud Farm
LaughEarth Shami/Jand Plant  (Pack of 1),399.00, ₹170.00 ,57%,Small,No Returns Allowed?,Succulent,Perennial,Both,No,1.00,No,LaughEarth
"Marinetree Bougainvillea Plant  (Hybrid, Pack of 1)",249.00, ₹125.00 ,49%,Small,No Returns Allowed?,Flower,Perennial,Both,Yes,0.60,Yes,Marinetree
"Cloud Farm Chiku Plant  (Hybrid, Pack of 1)",499.00, ₹115.00 ,76%,Small,No Returns Allowed?,Fruit,Perennial,Both,No,1.00,Yes,Cloud Farm
"K,M.GREEN Tamarind Plant  (Hybrid, Pack of 1)",399.00, ₹127.00 ,68%,Medium,No Returns Allowed?,Fruit,Annual,Both,Yes,1.00,Yes,"K,M.GREEN"
"Cloud Farm Almond Plant  (Hybrid, Pack of 1)",299.00, ₹130.00 ,56%,Medium,No Returns Allowed?,Fruit,Annual,Both,No,1.00,Yes,Cloud Farm
"ADA China Palm Plant  (Hybrid, Pack of 1)",499.00, ₹129.00 ,74%,Medium,No Returns Allowed?,Bonsai,Perennial,Both,No,1.00,Yes,ADA
"Samarthgreens Ficus Plant  (Hybrid, Pack of 1)",599.00, ₹140.00 ,76%,Medium,No Returns Allowed?,Bonsai,Perennial,Both,Yes,1.00,Yes,Samarthgreens
"Ukanda ZZ Plant  (Hybrid, Pack of 1)",399.00, ₹165.00 ,58%,Small,No Returns Allowed?,Shrub,Perennial,Indoor,Yes,0.50,Yes,Ukanda
"FSK Coconut Plant  (Hybrid, Pack of 1)",499.00, ₹196.00 ,60%,Small,No Returns Allowed?,Fruit,Perennial,Both,No,1.00,Yes,FSK
"greenhousestore Lemon Plant  (Hybrid, Pack of 1)",599.00, ₹120.00 ,79%,Small,No Returns Allowed?,Fruit,Annual,Both,Yes,1.00,Yes,greenhousestore
"Aquinnah Banana Plant  (Hybrid, Pack of 1)",499.00, ₹138.00 ,72%,Small,No Returns Allowed?,Fruit,Annual,Both,Yes,1.00,Yes,Aquinnah
"greenhousestore Mango Plant  (Hybrid, Pack of 1)",599.00, ₹160.00 ,73%,Small,No Returns Allowed?,Fruit,Annual,Both,Yes,1.00,Yes,greenhousestore
"greenhousestore Black Pepper Plant  (Hybrid, Pack of 1)",499.00, ₹125.00 ,74%,Small,No Returns Allowed?,Fruit,Annual,Both,No,1.00,Yes,greenhousestore
"Cloud Farm Kiwi Plant  (Hybrid, Pack of 1)",499.00, ₹125.00 ,74%,Small,No Returns Allowed?,Fruit,Annual,Both,Yes,1.00,Yes,Cloud Farm
"greenhousestore Amla Plant  (Hybrid, Pack of 1)",499.00, ₹122.00 ,75%,Small,No Returns Allowed?,Fruit,Annual,Both,Yes,1.00,Yes,greenhousestore
"GHF Two Layer Bamboo Plant  (Hybrid, Pack of 1)",799.00, ₹173.00 ,78%,Small,No Returns Allowed?,Bamboo,Annual,Indoor,Yes,12.00,Yes,GHF
"AquinnahGaden Litchi Plant  (Hybrid, Pack of 1)",489.00, ₹123.00 ,74%,Medium,No Returns Allowed?,Fruit,Annual,Both,Yes,1.00,Yes,AquinnahGaden
"greenhousestore Shami/Jand Plant  (Hybrid, Pack of 1)",598.00, ₹121.00 ,79%,Small,No Returns Allowed?,Herb,Annual,Both,Yes,1.00,Yes,greenhousestore
AGAMI Two Layer Bamboo Plant  (Pack of 1),849.00, ₹294.00 ,65%,Small,No Returns Allowed?,Bamboo,Annual,Indoor,Yes,1.00,No,AGAMI
"PETALFLEUR Adenium Plant  (Hybrid, Pack of 2)",399.00, ₹160.00 ,59%,Small,No Returns Allowed?,Bonsai,Perennial,Both,Yes,1.00,Yes,PETALFLEUR
"Cloud Farm Adenium Plant  (Hybrid, Pack of 1)",499.00, ₹135.00 ,72%,Small,No Returns Allowed?,Bonsai,Perennial,Indoor,Yes,1.00,Yes,Cloud Farm
"EliteGreen Betel Nut/Supari Plant  (Hybrid, Pack of 1)",299.00, ₹183.00 ,38%,Medium,No Returns Allowed?,Fruit,Perennial,Both,No,0.50,Yes,EliteGreen
Nature House Snake Plant  (Pack of 1),349.00, ₹182.00 ,47%,Small,No Returns Allowed?,Foliage,Perennial,Both,No,1.00,No,Nature House
"greenhousestore Christmas Tree Plant  (Hybrid, Pack of 1)",599.00, ₹126.00 ,78%,Small,No Returns Allowed?,Foliage,Annual,Both,Yes,1.00,Yes,greenhousestore
"Ukanda Hibiscus Plant  (Hybrid, Pack of 1)",399.00, ₹123.00 ,69%,Small,No Returns Allowed?,Flower,Perennial,Both,Yes,0.50,Yes,Ukanda
"NATURE WISE YOU Spider Plant  (Hybrid, Pack of 1)",298.00, ₹127.00 ,57%,Small,No Returns Allowed?,Herb,Annual,Both,Yes,5.00,Yes,NATURE WISE YOU
"KUMUBON Amla Plant  (Hybrid, Pack of 1)",280.00, ₹155.00 ,44%,Small,No Returns Allowed?,Fruit,Perennial,Both,Yes,1.00,Yes,KUMUBON
"GreenHorizon Elaichi/Cardamom Plant  (Hybrid, Pack of 1)",305.00, ₹119.00 ,60%,Small,No Returns Allowed?,Herb,Biennial,Both,Yes,1.00,Yes,GreenHorizon
"Heaven Of Saplings Gummy Gardenia Plant  (Hybrid, Pack of 1)",399.00, ₹158.00 ,60%,Medium,No Returns Allowed?,Flower,Perennial,Both,Yes,1.00,Yes,Heaven Of Saplings
"PEEPALSFARM Betel Leaf Plant  (Hybrid, Pack of 1)",247.00, ₹119.00 ,51%,Small,No Returns Allowed?,Herb,Perennial,Both,Yes,1.00,Yes,PEEPALSFARM
"AloGardening ZZ Plant  (Hybrid, Pack of 1)",450.00, ₹131.00 ,70%,Small,No Returns Allowed?,Fruit,Perennial,Both,No,1.00,Yes,AloGardening
"greenhousestore Curry Leaf Plant  (Hybrid, Pack of 1)",439.00, ₹119.00 ,72%,Small,No Returns Allowed?,Herb,Perennial,Both,Yes,0.60,Yes,greenhousestore
"greenhousestore Walnut Plant  (Hybrid, Pack of 1)",599.00, ₹126.00 ,78%,Small,No Returns Allowed?,Fruit,Annual,Both,Yes,1.00,Yes,greenhousestore
"EVY Tea Plant  (Hybrid, Pack of 1)",399.00, ₹126.00 ,68%,Small,No Returns Allowed?,Fruit,Annual,Both,No,1.00,Yes,EVY
"Global Mart Plant Blackberry Lily Plant  (Hybrid, Pack of 1)",298.00, ₹123.00 ,58%,Small,No Returns Allowed?,Fruit,Annual,Both,Yes,1.00,Yes,Global Mart Plant
"Durga Green Garden Golden Champa Plant  (Hybrid, Pack of 1)",499.00, ₹126.00 ,74%,Small,No Returns Allowed?,Flower,Annual,Both,No,0.60,Yes,Durga Green Garden
"Grinian Bougainvillea Plant  (Hybrid, Pack of 1)",499.00, ₹123.00 ,75%,Small,No Returns Allowed?,Flower,Annual,Both,No,1.00,Yes,Grinian
"EVY Lily Plant  (Hybrid, Pack of 1)",389.00, ₹161.00 ,58%,Medium,No Returns Allowed?,Flower,Annual,Both,No,20.00,Yes,EVY
UGAOO Variegated Money Plant  (Pack of 1),445.00, ₹299.00 ,32%,Small,No Returns Allowed?,Shrub,Biennial,Indoor,No,1.00,No,UGAOO
"minatigreenhouse Walnut Plant  (Hybrid, Pack of 1)",399.00, ₹137.00 ,65%,Medium,No Returns Allowed?,Fruit,Perennial,Both,Yes,1.00,Yes,minatigreenhouse
"Cloud Farm Grapes Plant  (Hybrid, Pack of 1)",499.00, ₹122.00 ,75%,Small,No Returns Allowed?,Fruit,Perennial,Both,Yes,1.00,Yes,Cloud Farm
"greenhousestore Elaichi/Cardamom Plant  (Hybrid, Pack of 1)",599.00, ₹125.00 ,79%,Small,No Returns Allowed?,Herb,Annual,Both,Yes,1.00,Yes,greenhousestore
"Cloud Farm Ber Apple Plant  (Hybrid, Pack of 1)",499.00, ₹129.00 ,74%,Medium,No Returns Allowed?,Fruit,Perennial,Both,No,1.00,Yes,Cloud Farm
"greenhousestore Banana Plant  (Hybrid, Pack of 1)",499.00, ₹119.00 ,76%,Medium,No Returns Allowed?,Fruit,Annual,Both,Yes,1.00,Yes,greenhousestore
"Gabbro Two Layer Bamboo Plant, Jade Plant  (Hybrid, Pack of 2)",800.00, ₹390.00 ,51%,Small,No Returns Allowed?,Bamboo,Perennial,Both,Yes,4.00,Yes,Gabbro
"Click to buy Peace Lily Plant  (Hybrid, Pack of 1)",251.00, ₹118.00 ,52%,Small,No Returns Allowed?,Flower,Perennial,Both,No,1.00,Yes,Click to buy
LivePlant Calathea Plant  (Pack of 1),499.00, ₹210.00 ,57%,Medium,No Returns Allowed?,Succulent,Annual,Both,No,0.30,No,LivePlant
"Aquinnah Rose Plant  (Hybrid, Pack of 1)",425.00, ₹122.00 ,71%,Small,No Returns Allowed?,Flower,Annual,Both,Yes,0.20,Yes,Aquinnah
Samarthgreens Red Sandalwood Plant  (Pack of 1),399.00, ₹142.00 ,64%,Small,No Returns Allowed?,Shrub,Annual,Both,No,1.00,No,Samarthgreens
"Linaa Rubber Tree  (Hybrid, Pack of 1)",849.00, ₹145.00 ,82%,Small,No Returns Allowed?,Foliage,Annual,Both,Yes,1.00,Yes,Linaa
"Oxygreenplant Phoneix Palm Plant  (Hybrid, Pack of 1)",384.00, ₹140.00 ,63%,Small,No Returns Allowed?,Bonsai,Perennial,Indoor,No,1.00,Yes,Oxygreenplant
"JD DAS AND SONS PLANTS Gerbera Plant  (Hybrid, Pack of 1)",599.00, ₹129.00 ,78%,Small,No Returns Allowed?,Flower,Perennial,Both,Yes,1.00,Yes,JD DAS AND SONS PLANTS
"Cloud Farm Golden Champa Plant  (Hybrid, Pack of 1)",299.00, ₹126.00 ,57%,Small,No Returns Allowed?,Flower,Perennial,Both,No,1.00,Yes,Cloud Farm
"LaughEarth Ficus Bonsai  (Hybrid, Pack of 1)",499.00, ₹126.00 ,74%,Small,No Returns Allowed?,Bonsai,Perennial,Both,Yes,1.00,Yes,LaughEarth
"ABEFARIYA Mogra Flowering Plant, Jasmine Plant  (Hybrid, Pack of 1)",1200.00, ₹133.00 ,88%,Small,No Returns Allowed?,Flower,Perennial,Both,Yes,1.00,Yes,ABEFARIYA
"greenhousestore Hibiscus Plant  (Hybrid, Pack of 1)",599.00, ₹125.00 ,79%,Small,No Returns Allowed?,Flower,Annual,Both,Yes,1.00,Yes,greenhousestore
"JASSI FLORA Three Layer Bamboo Plant  (Hybrid, Pack of 1)",799.00, ₹174.00 ,78%,Medium,No Returns Allowed?,Bamboo,Biennial,Indoor,Yes,2.00,Yes,JASSI FLORA
"Oxygreenplant Elaichi/Cardamom Plant  (Hybrid, Pack of 1)",299.00, ₹135.00 ,54%,Small,No Returns Allowed?,Herb,Perennial,Both,No,1.00,Yes,Oxygreenplant
UGAOO Brazilian Wood  (Pack of 1),1999.00, ₹599.00 ,70%,Small,No Returns Allowed?,Bamboo,Annual,Indoor,Yes,1.00,No,UGAOO
"Farmplants Kalanchoe Plant  (Hybrid, Pack of 1)",449.00, ₹145.00 ,67%,Small,No Returns Allowed?,Flower,Annual,Indoor,No,1.00,Yes,Farmplants
"EVY Kiwi Plant  (Hybrid, Pack of 1)",499.00, ₹139.00 ,72%,Small,No Returns Allowed?,Fruit,Annual,Both,No,1.00,Yes,EVY
varnicrea Mini Brazalian wood  (Pack of 1),1200.00, ₹125.00 ,89%,Small,No Returns Allowed?,Bamboo,Annual,Indoor,Yes,2.00,No,varnicrea
Wavingleaf Jade Plant  (Pack of 1),295.00, ₹127.00 ,56%,Small,No Returns Allowed?,Succulent,Annual,Indoor,Yes,1.00,No,Wavingleaf
The Four Seasons Tillandsia Fuchsii Rare Air Plant  (Pack of 1),550.00, ₹275.00 ,50%,Medium,No Returns Allowed?,Succulent,Perennial,Both,Yes,1.00,No,The Four Seasons
"rimardmistu Strawberry Plant  (Hybrid, Pack of 1)",399.00, ₹126.00 ,68%,Medium,No Returns Allowed?,Fruit,Perennial,Both,Yes,1.00,Yes,rimardmistu
"greenhousestore Mango Plant  (Hybrid, Pack of 1)",599.00, ₹128.00 ,78%,Small,No Returns Allowed?,Fruit,Annual,Both,Yes,1.00,Yes,greenhousestore
RADHE SALES Mini Brazalian wood  (Pack of 1),1399.00, ₹129.00 ,90%,Small,No Returns Allowed?,Bamboo,Annual,Indoor,Yes,2.00,No,RADHE SALES
"Growerstore Madhu Kamini Plant  (Hybrid, Pack of 1)",399.00, ₹127.00 ,68%,Medium,No Returns Allowed?,Air purifier plant,Annual,Both,No,0.30,Yes,Growerstore
"PB honey priya plant Grapes Plant  (Hybrid, Pack of 1)",499.00, ₹128.00 ,74%,Small,No Returns Allowed?,Fruit,Perennial,Both,Yes,1.00,Yes,PB honey priya plant
"My Dream Nursery Two Layer Bamboo Plant  (Hybrid, Pack of 1)",349.00, ₹163.00 ,53%,Small,No Returns Allowed?,Bamboo,Annual,Both,Yes,1.00,Yes,My Dream Nursery
"Unisam Bel patra plant Pot Bel Plant  (Hybrid, Pack of 1)",788.00, ₹132.00 ,83%,Small,No Returns Allowed?,Tree,Perennial,Both,Yes,1.00,Yes,Unisam Bel patra plant Pot
"AloGardening Chrysanthemums/ Guldavari Plant  (Hybrid, Pack of 1)",449.00, ₹140.00 ,68%,Small,No Returns Allowed?,Flower,Perennial,Both,No,1.00,Yes,AloGardening
"PLANTTOOZS Ficus Bonsai  (Hybrid, Pack of 1)",749.00, ₹130.00 ,82%,Small,No Returns Allowed?,Bonsai,Perennial,Both,Yes,1.00,Yes,PLANTTOOZS
"greenhousestore Strawberry Plant  (Hybrid, Pack of 2)",494.00, ₹129.00 ,73%,Medium,No Returns Allowed?,Fruit,Annual,Both,Yes,1.00,Yes,greenhousestore
"RoyalTree Rose Plant  (Hybrid, Pack of 1)",499.00, ₹155.00 ,68%,Small,No Returns Allowed?,Flower,Perennial,Both,No,1.00,Yes,RoyalTree
UGAOO Haworthia Cactus  (Pack of 1),349.00, ₹239.00 ,31%,Small,No Returns Allowed?,Shrub,Annual,Indoor,No,1.00,No,UGAOO
"TECNOFEX Money Plant, Bamboo Palm Plant, Lucky Bamboo Straight Stick  (Hybrid, Pack of 1)",999.00, ₹129.00 ,87%,Medium,No Returns Allowed?,Bamboo,Perennial,Both,Yes,10.00,Yes,TECNOFEX
"Majumder Enterprise Bougainvillea Plant  (Hybrid, Pack of 1)",799.00, ₹128.00 ,83%,Medium,No Returns Allowed?,Flower,Annual,Both,No,1.00,Yes,Majumder Enterprise
BRAZILIAN WOOD TREE Mini Brazalian wood  (Pack of 1),766.00, ₹128.00 ,83%,Small,No Returns Allowed?,Bamboo,Annual,Indoor,Yes,2.00,No,BRAZILIAN WOOD TREE
"Growerstore Madhu Kamini Plant  (Hybrid, Pack of 1)",399.00, ₹126.00 ,68%,Medium,No Returns Allowed?,Air purifier plant,Annual,Both,No,0.60,Yes,Growerstore
"EVY Ashwagandha/Indian Ginseng  (Hybrid, Pack of 1)",499.00, ₹139.00 ,72%,Medium,No Returns Allowed?,Herb,Annual,Both,No,10.00,Yes,EVY
"LaughEarth Areca Palm  (Hybrid, Pack of 1)",499.00, ₹160.00 ,67%,Small,No Returns Allowed?,Bamboo,Perennial,Both,Yes,1.00,Yes,LaughEarth
"PlantsHub Peace Lily Plant  (Hybrid, Pack of 1)",499.00, ₹135.00 ,72%,Small,No Returns Allowed?,Tree,Annual,Indoor,No,1.00,Yes,PlantsHub
"FSK Aparajita/ Butterfly Pea Plant  (Hybrid, Pack of 2)",419.00, ₹124.00 ,70%,Small,No Returns Allowed?,Flower,Annual,Both,No,3.00,Yes,FSK
"greenhousestore Ber Apple Plant  (Hybrid, Pack of 1)",499.00, ₹127.00 ,74%,Small,No Returns Allowed?,Fruit,Biennial,Both,Yes,1.00,Yes,greenhousestore
"FSK Rose Plant  (Hybrid, Pack of 1)",499.00, ₹132.00 ,73%,Medium,No Returns Allowed?,Flower,Annual,Both,No,1.00,Yes,FSK
"Cloud Farm Baugainvillea Plant  (Hybrid, Pack of 1)",199.00, ₹127.00 ,36%,Small,No Returns Allowed?,Flower,Perennial,Both,No,1.00,Yes,Cloud Farm
"ToGon Rose Plant  (Hybrid, Pack of 4)",399.00, ₹140.00 ,64%,Medium,No Returns Allowed?,Flower,Perennial,Both,No,1.00,Yes,ToGon
"greenhousestore Areca Palm  (Hybrid, Pack of 1)",350.00, ₹120.00 ,65%,Small,No Returns Allowed?,Bonsai,Perennial,Both,No,1.00,Yes,greenhousestore
"Cloud Farm Rose Plant  (Hybrid, Pack of 1)",499.00, ₹122.00 ,75%,Small,No Returns Allowed?,Flower,Perennial,Both,Yes,1.00,Yes,Cloud Farm
"AloGardening Christmas Tree Plant  (Hybrid, Pack of 1)",400.00, ₹153.00 ,61%,Small,No Returns Allowed?,Succulent,Perennial,Both,Yes,0.20,Yes,AloGardening
"Krishna All Time Grafted Mango Plant  (Hybrid, Pack of 1)",386.00, ₹125.00 ,67%,Small,No Returns Allowed?,Fruit,Annual,Both,Yes,1.00,Yes,Krishna All Time Grafted
"greenhousestore Bougainvillea Plant  (Hybrid, Pack of 1)",599.00, ₹130.00 ,78%,Small,No Returns Allowed?,Flower,Annual,Both,Yes,1.00,Yes,greenhousestore
UGAOO Golden Money Plant  (Pack of 1),449.00, ₹249.00 ,44%,Small,No Returns Allowed?,Shrub,Biennial,Indoor,No,1.00,No,UGAOO
"GLOBQRO Grape Plant  (Hybrid, Pack of 1)",1500.00, ₹125.00 ,91%,Small,No Returns Allowed?,Fruit,Perennial,Both,Yes,1.00,Yes,GLOBQRO
"AquinnahGaden Baugainvillea Plant  (Hybrid, Pack of 1)",489.00, ₹128.00 ,73%,Medium,No Returns Allowed?,Flower,Annual,Both,Yes,1.00,Yes,AquinnahGaden
"FSK China Palm Plant  (Hybrid, Pack of 1)",399.00, ₹147.00 ,63%,Small,No Returns Allowed?,Bamboo,Perennial,Both,No,1.00,Yes,FSK
UGAOO Chlorophytum Spider Plant  (Pack of 1),349.00, ₹219.00 ,37%,Small,No Returns Allowed?,Shrub,Annual,Indoor,No,1.00,No,UGAOO
"Risenshine Jade Plant  (Hybrid, Pack of 1)",599.00, ₹125.00 ,79%,Small,No Returns Allowed?,Foliage,Perennial,Both,No,1.00,Yes,Risenshine
"Samarthgreens Tuberose/Rajnigandha Plant  (Hybrid, Pack of 1)",699.00, ₹118.00 ,83%,Small,No Returns Allowed?,Flower,Perennial,Both,No,1.00,Yes,Samarthgreens
"greenhousestore Litchi Plant  (Hybrid, Pack of 1)",442.00, ₹127.00 ,71%,Medium,No Returns Allowed?,Fruit,Perennial,Both,Yes,1.00,Yes,greenhousestore
Cloud Farm Areca Plam  (Pack of 1),499.00, ₹135.00 ,72%,Small,No Returns Allowed?,Shrub,Annual,Indoor,No,1.00,No,Cloud Farm
"EarthAngel Neem Plant  (Hybrid, Pack of 1)",499.00, ₹126.00 ,74%,Small,No Returns Allowed?,Fruit,Perennial,Both,Yes,0.50,Yes,EarthAngel
"Agriclons and nusary Bryophyllum Pinnatum/Patharchatta Plant  (Hybrid, Pack of 1)",499.00, ₹125.00 ,74%,Small,No Returns Allowed?,Herb,Annual,Both,No,0.60,Yes,Agriclons and nusary
"PLANTTOOZS Elaichi/Cardamom Plant  (Hybrid, Pack of 1)",499.00, ₹122.00 ,75%,Small,No Returns Allowed?,Herb,Perennial,Both,Yes,1.00,Yes,PLANTTOOZS
"Laxmi kamal plant Laxmi Kamal Plant  (Hybrid, Pack of 2)",890.00, ₹144.00 ,83%,Medium,No Returns Allowed?,Succulent,Annual,Both,Yes,1.00,Yes,Laxmi kamal plant
"LaughEarth Peace Lily Plant  (Hybrid, Pack of 1)",499.00, ₹135.00 ,72%,Medium,No Returns Allowed?,Flower,Perennial,Both,No,1.00,Yes,LaughEarth
"MIDNIGHT MORNING Rose Plant  (Hybrid, Pack of 1)",399.00, ₹122.00 ,69%,Medium,No Returns Allowed?,Flower,Perennial,Both,No,1.00,Yes,MIDNIGHT MORNING
"Tigress Tulsi Plant  (Hybrid, Pack of 1)",190.00, ₹135.00 ,28%,Medium,No Returns Allowed?,Flower,Annual,Both,No,1.00,Yes,Tigress
"JESAA GREENS Jade Plant, Money Plant, Snake Plant, Two Layer Bamboo Plant, Syngonium Bronze Maria Plant  (Pack of 5)",1599.00, ₹749.00 ,53%,Small,No Returns Allowed?,Bamboo,Annual,Indoor,No,2.00,No,JESAA GREENS
MAHAMAYA A TO Z Water Pennywort  (Pack of 2),1033.00, ₹139.00 ,86%,Small,No Returns Allowed?,Herb,Annual,Both,Yes,1.00,No,MAHAMAYA A TO Z
"greenhousestore Grapes Plant  (Hybrid, Pack of 1)",599.00, ₹127.00 ,78%,Small,No Returns Allowed?,Fruit,Annual,Both,Yes,1.00,Yes,greenhousestore
"Gabbro Jade Plant  (Hybrid, Pack of 1)",699.00, ₹199.00 ,71%,Medium,No Returns Allowed?,Succulent,Perennial,Both,Yes,10.00,Yes,Gabbro
"Axotic Diamond Grafted Apple Plant  (Hybrid, Pack of 1)",349.00, ₹122.00 ,65%,Medium,No Returns Allowed?,Fruit,Annual,Both,Yes,1.00,Yes,Axotic Diamond Grafted
"Global Mart Plant Bougainvillea Plant  (Hybrid, Pack of 1)",399.00, ₹157.00 ,60%,Medium,No Returns Allowed?,Flower,Perennial,Both,Yes,1.00,Yes,Global Mart Plant
Risenshine Bryophyllum Pinnatum/Patharchatta Plant  (Pack of 1),599.00, ₹113.00 ,81%,Medium,No Returns Allowed?,Shrub,Perennial,Both,Yes,1.00,No,Risenshine
"greenhousestore Bougainvillea Plant  (Hybrid, Pack of 1)",599.00, ₹125.00 ,79%,Small,No Returns Allowed?,Shrub,Annual,Both,Yes,1.00,Yes,greenhousestore
UGAOO Golden Money Plant  (Pack of 1),349.00, ₹189.00 ,45%,Small,No Returns Allowed?,Shrub,Annual,Indoor,No,1.00,No,UGAOO
"bhowmick Areca Palm  (Hybrid, Pack of 1)",599.00, ₹169.00 ,71%,Medium,No Returns Allowed?,Tree,Perennial,Both,No,1.00,Yes,bhowmick
HARIGURU All Spice Plant  (Pack of 1),299.00, ₹185.00 ,38%,Medium,No Returns Allowed?,Herb,Biennial,Both,No,0.50,No,HARIGURU
"AloGardening Adenium Plant  (Hybrid, Pack of 2)",489.00, ₹189.00 ,61%,Small,No Returns Allowed?,Flower,Perennial,Both,No,1.00,Yes,AloGardening
"Mohomaya Sweet Lemon Plant  (Hybrid, Pack of 1)",299.00, ₹115.00 ,61%,Small,No Returns Allowed?,Fruit,Annual,Both,Yes,1.00,Yes,Mohomaya
"bhowmick Baugainvillea Plant  (Hybrid, Pack of 1)",499.00, ₹134.00 ,73%,Medium,No Returns Allowed?,Flower,Perennial,Both,No,1.00,Yes,bhowmick
"My Dream Nursery Black Pepper Plant  (Hybrid, Pack of 1)",200.00, ₹149.00 ,25%,Small,No Returns Allowed?,Fruit,Perennial,Both,Yes,1.00,Yes,My Dream Nursery
"AloGardening Adenium Plant  (Hybrid, Pack of 6)",789.00, ₹270.00 ,65%,Small,No Returns Allowed?,Flower,Perennial,Both,No,1.00,Yes,AloGardening
"RudraECOM Hibiscus Plant  (Hybrid, Pack of 1)",499.00, ₹125.00 ,74%,Medium,No Returns Allowed?,Flower,Perennial,Both,Yes,0.20,Yes,RudraECOM
"MAHAMAYA A TO Z Mimosa pudica Plant  (Hybrid, Pack of 1)",1000.00, ₹143.00 ,85%,Small,No Returns Allowed?,Herb,Perennial,Both,Yes,1.00,Yes,MAHAMAYA A TO Z
"Aquinnah Almond Plant  (Hybrid, Pack of 1)",499.00, ₹159.00 ,68%,Small,No Returns Allowed?,Fruit,Annual,Both,Yes,1.00,Yes,Aquinnah
"Gabbro Two Layer Bamboo Plant  (Hybrid, Pack of 1)",999.00, ₹299.00 ,70%,Medium,No Returns Allowed?,Bamboo,Perennial,Indoor,Yes,10.00,Yes,Gabbro
"Heaven Of Saplings Areca Palm  (Hybrid, Pack of 1)",200.00, ₹135.00 ,32%,Small,No Returns Allowed?,Bamboo,Perennial,Both,Yes,0.60,Yes,Heaven Of Saplings
"SKDIYA Cherry Fruit Plant  (Hybrid, Pack of 1)",595.00, ₹137.00 ,76%,Small,No Returns Allowed?,Fruit,Perennial,Both,No,1.00,Yes,SKDIYA
UGAOO Peace Lily Plant  (Pack of 1),599.00, ₹299.00 ,50%,Small,No Returns Allowed?,Shrub,Biennial,Indoor,No,1.00,No,UGAOO
ZOOMGREEN Areca Palm  (Pack of 1),499.00, ₹129.00 ,74%,Medium,No Returns Allowed?,Bonsai,Annual,Indoor,No,1.00,No,ZOOMGREEN
ADA Shami/Jand Plant  (Pack of 1),449.00, ₹125.00 ,72%,Medium,No Returns Allowed?,Tree,Perennial,Both,No,1.00,No,ADA
"Green view Coconut Plant  (Hybrid, Pack of 1)",425.00, ₹275.00 ,35%,Small,No Returns Allowed?,Fruit,Perennial,Both,No,1.00,Yes,Green view
PlantsBazaar Rubber Tree  (Pack of 1),499.00, ₹145.00 ,70%,Small,No Returns Allowed?,Foliage,Perennial,Indoor,No,1.00,No,PlantsBazaar
"SANJU Strawberry Plant  (Hybrid, Pack of 1)",299.00, ₹119.00 ,60%,Small,No Returns Allowed?,Fruit,Annual,Both,No,1.00,Yes,SANJU
"Aquinnah Graden Pistachio Plant  (Hybrid, Pack of 1)",489.00, ₹145.00 ,70%,Small,No Returns Allowed?,Fruit,Annual,Both,Yes,1.00,Yes,Aquinnah Graden
"sspykrts Clove Plant  (Hybrid, Pack of 3)",599.00, ₹126.00 ,78%,Small,No Returns Allowed?,Tree,Annual,Both,No,1.00,Yes,sspykrts
"Ukanda Bay Leaf Plant  (Hybrid, Pack of 1)",299.00, ₹124.00 ,58%,Small,No Returns Allowed?,Herb,Perennial,Both,Yes,1.00,Yes,Ukanda
"Green view Coconut Plant  (Hybrid, Pack of 1)",625.00, ₹298.00 ,52%,Small,No Returns Allowed?,Fruit,Perennial,Both,No,1.00,Yes,Green view
PLANTTOOZS Red Sandalwood Plant  (Pack of 1),625.00, ₹122.00 ,80%,Small,No Returns Allowed?,Shrub,Annual,Both,No,1.00,No,PLANTTOOZS
"Aquinnah Banana Plant  (Hybrid, Pack of 1)",499.00, ₹141.00 ,71%,Small,No Returns Allowed?,Fruit,Annual,Both,Yes,1.00,Yes,Aquinnah
"Green view Coconut Plant  (Hybrid, Pack of 1)",419.00, ₹289.00 ,31%,Small,No Returns Allowed?,Fruit,Perennial,Both,No,1.00,Yes,Green view
"Cloud Farm Grapes Plant  (Hybrid, Pack of 2)",499.00, ₹135.00 ,72%,Small,No Returns Allowed?,Fruit,Perennial,Both,No,1.00,Yes,Cloud Farm
"Global Mart Plant Cannon Ball Tree Plant  (Hybrid, Pack of 1)",399.00, ₹125.00 ,68%,Small,No Returns Allowed?,Fruit,Annual,Both,Yes,1.00,Yes,Global Mart Plant
"AloGardening Adenium Plant  (Hybrid, Pack of 2)",489.00, ₹189.00 ,61%,Small,No Returns Allowed?,Flower,Perennial,Both,No,1.00,Yes,AloGardening
"Green view Coconut Plant  (Hybrid, Pack of 1)",449.00, ₹271.00 ,39%,Small,No Returns Allowed?,Fruit,Perennial,Both,No,1.00,Yes,Green view
Ukaanda Money Plant  (Pack of 1),399.00, ₹127.00 ,68%,Small,No Returns Allowed?,Foliage,Annual,Both,Yes,1.00,No,Ukaanda
"greenhousestore Christmas Tree Plant  (Hybrid, Pack of 1)",596.00, ₹126.00 ,78%,Small,No Returns Allowed?,Succulent,Annual,Both,Yes,1.00,Yes,greenhousestore
"Cloud Farm Money Plant  (Hybrid, Pack of 1)",499.00, ₹130.00 ,73%,Medium,No Returns Allowed?,Air purifier plant,Perennial,Indoor,No,1.00,Yes,Cloud Farm
"Phoolistan Ficus Plant  (Hybrid, Pack of 1)",499.00, ₹130.00 ,73%,Small,No Returns Allowed?,Bonsai,Annual,Indoor,No,1.00,Yes,Phoolistan
"greenhousestore Litchi Plant  (Hybrid, Pack of 1)",599.00, ₹126.00 ,78%,Small,No Returns Allowed?,Fruit,Annual,Both,Yes,1.00,Yes,greenhousestore
"PB HONEY PRIYA PLaNTS Bluebell barleria Plant  (Hybrid, Pack of 1)",299.00, ₹166.00 ,44%,Medium,No Returns Allowed?,Fruit,Annual,Both,Yes,1.00,Yes,PB HONEY PRIYA PLaNTS
UGAOO Golden Sedum Plant  (Pack of 1),349.00, ₹199.00 ,42%,Small,No Returns Allowed?,Shrub,Annual,Indoor,No,1.00,No,UGAOO
"GLOBQRO Begonia Vanusta Plant  (Hybrid, Pack of 1)",499.00, ₹150.00 ,69%,Small,No Returns Allowed?,Flower,Perennial,Both,Yes,1.00,Yes,GLOBQRO
greengrow Shami/Jand Plant  (Pack of 1),299.00, ₹127.00 ,57%,Small,No Returns Allowed?,Foliage,Annual,Both,Yes,1.00,No,greengrow
"AloGardening Basmati Plant  (Hybrid, Pack of 1)",449.00, ₹178.00 ,60%,Small,No Returns Allowed?,Herb,Perennial,Both,No,1.00,Yes,AloGardening
"Cloud Farm Bougainvillea Plant  (Hybrid, Pack of 1)",499.00, ₹135.00 ,72%,Small,No Returns Allowed?,Flower,Annual,Both,Yes,1.00,Yes,Cloud Farm
"YourPlant Adenium Plant  (Hybrid, Pack of 2)",649.00, ₹145.00 ,77%,Small,No Returns Allowed?,Bonsai,Annual,Both,No,1.00,Yes,YourPlant
"PLANTGENIC NATURE White Sandalwood Plant  (Hybrid, Pack of 1)",320.00, ₹121.00 ,62%,Small,No Returns Allowed?,Succulent,Annual,Both,Yes,15.00,Yes,PLANTGENIC NATURE
GreenHorizon Bryophyllum Pinnatum/Patharchatta Plant  (Pack of 1),366.00, ₹134.00 ,63%,Small,No Returns Allowed?,Herb,Perennial,Both,No,0.00,No,GreenHorizon
"greenhousestore Curry Leaf Plant  (Hybrid, Pack of 1)",399.00, ₹134.00 ,66%,Medium,No Returns Allowed?,Herb,Perennial,Both,Yes,1.00,Yes,greenhousestore
"Cloud Farm Coconut Plant  (Hybrid, Pack of 1)",499.00, ₹150.00 ,69%,Medium,No Returns Allowed?,Fruit,Annual,Both,Yes,1.00,Yes,Cloud Farm
"ibains Mini Brazalian wood  (Hybrid, Pack of 1)",499.00, ₹237.00 ,52%,Large,No Returns Allowed?,Bonsai,Annual,Indoor,Yes,1.00,Yes,ibains
"Natural needs Adenium Plant  (Hybrid, Pack of 1)",499.00, ₹126.00 ,74%,Medium,No Returns Allowed?,Succulent,Annual,Both,Yes,1.00,Yes,Natural needs
"LaughEarth Bougainvillea Plant  (Hybrid, Pack of 1)",499.00, ₹139.00 ,72%,Small,No Returns Allowed?,Flower,Perennial,Both,No,1.00,Yes,LaughEarth
"LaughEarth Hibiscus Plant  (Hybrid, Pack of 1)",299.00, ₹171.00 ,42%,Medium,No Returns Allowed?,Flower,Perennial,Both,Yes,1.00,Yes,LaughEarth
"LivePlant Money Plant  (Hybrid, Pack of 1)",300.00, ₹113.00 ,62%,Small,No Returns Allowed?,Foliage,Perennial,Indoor,Yes,1.00,Yes,LivePlant
Leafyjoy Brazilian Wood  (Pack of 1),346.00, ₹165.00 ,52%,Medium,No Returns Allowed?,Air purifier plant,Annual,Indoor,Yes,3.00,No,Leafyjoy
"AquinnahGaden Brahma Kamal Plant  (Hybrid, Pack of 1)",489.00, ₹158.00 ,67%,Medium,No Returns Allowed?,Flower,Annual,Both,Yes,1.00,Yes,AquinnahGaden
"greenhousestore Orange Plant  (Hybrid, Pack of 1)",599.00, ₹120.00 ,79%,Small,No Returns Allowed?,Fruit,Annual,Both,Yes,1.00,Yes,greenhousestore
"Cloud Farm Dragon Tree  (Hybrid, Pack of 5)",399.00, ₹136.00 ,65%,Small,No Returns Allowed?,Fruit,Perennial,Both,No,1.00,Yes,Cloud Farm
"KAVARI ENTERPRISE Rose Plant  (Hybrid, Pack of 1)",499.00, ₹155.00 ,68%,Small,No Returns Allowed?,Flower,Annual,Both,No,1.00,Yes,KAVARI ENTERPRISE
"Cloud Farm Chiku Plant  (Hybrid, Pack of 1)",199.00, ₹126.00 ,36%,Small,No Returns Allowed?,Fruit,Perennial,Both,No,1.00,Yes,Cloud Farm
"greenhousestore Adenium Plant  (Hybrid, Pack of 1)",599.00, ₹135.00 ,77%,Small,No Returns Allowed?,Bonsai,Annual,Both,Yes,1.00,Yes,greenhousestore
"Cloud Farm Betel Leaf Plant  (Hybrid, Pack of 1)",499.00, ₹127.00 ,74%,Medium,No Returns Allowed?,Herb,Perennial,Both,No,1.00,Yes,Cloud Farm
"Risenshine Adenium Plant  (Hybrid, Pack of 1)",499.00, ₹127.00 ,74%,Small,No Returns Allowed?,Flower,Perennial,Both,No,1.00,Yes,Risenshine
"TAWZIX Money Plant  (Hybrid, Pack of 1)",699.00, ₹125.00 ,82%,Small,No Returns Allowed?,Bonsai,Annual,Indoor,Yes,2.00,Yes,TAWZIX
"EarthAngel Snake Plant  (Hybrid, Pack of 1)",499.00, ₹163.00 ,67%,Small,No Returns Allowed?,Foliage,Annual,Both,Yes,0.50,Yes,EarthAngel
"Aziz Gazi Nursery Dragon Tree  (Hybrid, Pack of 1)",399.00, ₹128.00 ,67%,Small,No Returns Allowed?,Fruit,Biennial,Indoor,Yes,1.00,Yes,Aziz Gazi Nursery
"Medhi Snake Plant  (Hybrid, Pack of 1)",499.00, ₹139.00 ,72%,Small,No Returns Allowed?,Foliage,Perennial,Both,Yes,1.00,Yes,Medhi
"greenhousestore Ficus Bonsai  (Hybrid, Pack of 1)",499.00, ₹155.00 ,68%,Small,No Returns Allowed?,Bonsai,Annual,Both,Yes,1.00,Yes,greenhousestore
"Saeedia plant hub Acanthocerous Tetragonous Mons Variegated Fairy Castle Plant  (Hybrid, Pack of 1)",2999.00, ₹288.00 ,90%,Small,No Returns Allowed?,Bamboo,Annual,Both,No,1.00,Yes,Saeedia plant hub
"AGRAWBIC Two Layer Bamboo Plant  (Hybrid, Pack of 1)",498.00, ₹180.00 ,63%,Small,No Returns Allowed?,Bamboo,Perennial,Both,Yes,1.00,Yes,AGRAWBIC
Broken heart plant Broken Heart Plant  (Pack of 1),299.00, ₹155.00 ,48%,Small,No Returns Allowed?,Tree,Annual,Both,No,1.00,No,Broken heart plant
"Plant Paradise Rudraksha Plant  (Hybrid, Pack of 1)",299.00, ₹143.00 ,52%,Medium,No Returns Allowed?,Fruit,Perennial,Both,No,1.00,Yes,Plant Paradise
"Gardanglow Marsh Barbel Plant  (Hybrid, Pack of 1)",570.00, ₹135.00 ,76%,Small,No Returns Allowed?,Succulent,Annual,Both,Yes,1.00,Yes,Gardanglow
"greenhousestore Baugainvillea Plant  (Hybrid, Pack of 1)",599.00, ₹129.00 ,78%,Small,No Returns Allowed?,Flower,Annual,Both,Yes,1.00,Yes,greenhousestore
"Flora Solutions Money Plant  (Hybrid, Pack of 2)",599.00, ₹199.00 ,66%,Small,No Returns Allowed?,Bamboo,Annual,Both,Yes,3.00,Yes,Flora Solutions
"HouseOfCommon Orange Plant  (Hybrid, Pack of 1)",399.00, ₹120.00 ,69%,Small,No Returns Allowed?,Fruit,Annual,Both,Yes,2.00,Yes,HouseOfCommon
"Real Nature Three Layer Bamboo Plant  (Hybrid, Pack of 1)",659.00, ₹449.00 ,31%,Small,No Returns Allowed?,Bamboo,Annual,Indoor,Yes,1.00,Yes,Real Nature
"greenhousestore Star Fruit Carambola Grafted Plant  (Hybrid, Pack of 1)",499.00, ₹139.00 ,72%,Medium,No Returns Allowed?,Fruit,Annual,Both,Yes,1.00,Yes,greenhousestore
"Real Nature Three Layer Bamboo Plant  (Hybrid, Pack of 1)",659.00, ₹449.00 ,31%,Small,No Returns Allowed?,Bamboo,Annual,Indoor,Yes,1.00,Yes,Real Nature
"PB honey priya plant Bottle Gourd  (Hybrid, Pack of 35)",294.00, ₹113.00 ,61%,Small,No Returns Allowed?,Vegetable,Perennial,Both,No,1.00,Yes,PB honey priya plant
"Oxygreenplant Shahtoot/Mulberry Plant  (Hybrid, Pack of 1)",399.00, ₹126.00 ,68%,Small,No Returns Allowed?,Fruit,Perennial,Both,Yes,1.00,Yes,Oxygreenplant
"Ukanda Canna Lily Plant  (Hybrid, Pack of 1)",399.00, ₹148.00 ,62%,Small,No Returns Allowed?,Flower,Biennial,Indoor,Yes,0.50,Yes,Ukanda
"LaughEarth Hibiscus Plant  (Hybrid, Pack of 3)",379.00, ₹134.00 ,64%,Medium,No Returns Allowed?,Flower,Perennial,Outdoor,No,1.00,Yes,LaughEarth
"Real Nature Lucky Bamboo Plant  (Hybrid, Pack of 1)",549.00, ₹296.00 ,46%,Small,No Returns Allowed?,Bamboo,Perennial,Indoor,Yes,1.00,Yes,Real Nature
"greenhousestore Mint Plant  (Hybrid, Pack of 1)",399.00, ₹126.00 ,68%,Small,No Returns Allowed?,Herb,Perennial,Both,Yes,0.60,Yes,greenhousestore
"JESAA GREENS Money Plant, Bamboo Palm Plant  (Pack of 2)",1599.00, ₹452.00 ,71%,Small,No Returns Allowed?,Bamboo,Annual,Indoor,No,2.00,No,JESAA GREENS
"GREENSEE Orchid Plant  (Hybrid, Pack of 4)",359.00, ₹130.00 ,63%,Medium,No Returns Allowed?,Flower,Biennial,Both,No,0.30,Yes,GREENSEE
"Cloud Farm Betal Leaf Plant  (Hybrid, Pack of 1)",499.00, ₹122.00 ,75%,Small,No Returns Allowed?,Herb,Perennial,Both,No,1.00,Yes,Cloud Farm
"Aquinnah Betel Leaf Plant  (Hybrid, Pack of 1)",499.00, ₹135.00 ,72%,Small,No Returns Allowed?,Herb,Annual,Both,Yes,1.00,Yes,Aquinnah
"THE BHOWMICK Mango Plant  (Hybrid, Pack of 1)",299.00, ₹125.00 ,58%,Small,No Returns Allowed?,Fruit,Perennial,Both,Yes,1.00,Yes,THE BHOWMICK
"K.K.Enterprise Lemon Plant  (Hybrid, Pack of 1)",363.00, ₹120.00 ,66%,Small,No Returns Allowed?,Fruit,Annual,Both,Yes,1.00,Yes,K.K.Enterprise
"Zomoloco Adenium Plant  (Hybrid, Pack of 1)",399.00, ₹199.00 ,50%,Small,No Returns Allowed?,Flower,Perennial,Both,No,1.00,Yes,Zomoloco
"Gaingreen Chiku Plant  (Hybrid, Pack of 1)",699.00, ₹120.00 ,82%,Small,No Returns Allowed?,Fruit,Perennial,Both,No,1.00,Yes,Gaingreen
Kyari Money Plant  (Pack of 1),499.00, ₹121.00 ,75%,Small,No Returns Allowed?,Foliage,Biennial,Indoor,No,1.00,No,Kyari
"saraswati traders ZZ Plant  (Hybrid, Pack of 1)",549.00, ₹135.00 ,75%,Small,No Returns Allowed?,Fruit,Biennial,Both,Yes,1.00,Yes,saraswati traders
"GROSSAMER Lotus Plant, Syngonium Bronze Maria Plant  (Pack of 40)",999.00, ₹149.00 ,85%,Medium,No Returns Allowed?,Flower,Annual,Both,No,1.00,No,GROSSAMER
"PlantShop Orange Plant  (Hybrid, Pack of 1)",399.00, ₹118.00 ,70%,Medium,No Returns Allowed?,Fruit,Annual,Both,No,1.00,Yes,PlantShop
"Grinian Aloe Vera Plant  (Hybrid, Pack of 1)",599.00, ₹122.00 ,79%,Small,No Returns Allowed?,Herb,Annual,Both,No,1.00,Yes,Grinian
"greenhousestore Avocado Plant  (Hybrid, Pack of 1)",599.00, ₹115.00 ,80%,Small,No Returns Allowed?,Fruit,Annual,Both,Yes,1.00,Yes,greenhousestore
"FSK Hibiscus Plant  (Hybrid, Pack of 1)",418.00, ₹109.00 ,73%,Small,No Returns Allowed?,Flower,Annual,Both,No,1.00,Yes,FSK
"greenhousestore Rose Plant  (Hybrid, Pack of 1)",599.00, ₹122.00 ,79%,Small,No Returns Allowed?,Flower,Annual,Both,Yes,1.00,Yes,greenhousestore
"Tha live root vishnu kamal Furkeria Succulent Plant  (Hybrid, Pack of 1)",590.00, ₹162.00 ,72%,Small,No Returns Allowed?,Succulent,Annual,Both,Yes,1.00,Yes,Tha live root vishnu kamal
"greenhousestore Rose Plant  (Hybrid, Pack of 3)",598.00, ₹138.00 ,76%,Small,No Returns Allowed?,Flower,Annual,Both,Yes,1.00,Yes,greenhousestore
"AloGardening Serissa Hedge Plant  (Hybrid, Pack of 1)",399.00, ₹136.00 ,65%,Small,No Returns Allowed?,Herb,Perennial,Both,No,1.00,Yes,AloGardening
"Hug A Plant Cocoa Plant  (Hybrid, Pack of 1)",799.00, ₹399.00 ,50%,Small,No Returns Allowed?,Fruit,Perennial,Both,No,1.00,Yes,Hug A Plant
"My Dream Nursery Kiwi Plant  (Hybrid, Pack of 1)",259.00, ₹199.00 ,23%,Small,No Returns Allowed?,Fruit,Annual,Both,Yes,1.00,Yes,My Dream Nursery
"greenhousestore Chiku Plant  (Hybrid, Pack of 1)",599.00, ₹127.00 ,78%,Small,No Returns Allowed?,Fruit,Annual,Both,Yes,1.00,Yes,greenhousestore
"NiMoj Two Layer Bamboo Plant, Lucky Bamboo Straight Stick, Veld Grape Plant  (Hybrid, Pack of 1)",499.00, ₹242.00 ,51%,Small,No Returns Allowed?,Bamboo,Annual,Both,Yes,10.00,Yes,NiMoj
"ATIKNAM Mini Brazalian wood  (Hybrid, Pack of 1)",599.00, ₹128.00 ,78%,Medium,No Returns Allowed?,Flower,Annual,Indoor,No,1.00,Yes,ATIKNAM
"L BRAZILIAN LUCKY WOOD PLANT Basil Plant  (Hybrid, Pack of 1)",599.00, ₹134.00 ,77%,Small,No Returns Allowed?,Air purifier plant,Perennial,Indoor,No,1.00,Yes,L BRAZILIAN LUCKY WOOD PLANT
"greenhousestore Kiwi Plant  (Hybrid, Pack of 1)",599.00, ₹126.00 ,78%,Small,No Returns Allowed?,Fruit,Annual,Both,Yes,1.00,Yes,greenhousestore
UGAOO Christmas Cactus Plant  (Pack of 1),349.00, ₹199.00 ,42%,Small,No Returns Allowed?,Shrub,Annual,Indoor,No,1.00,No,UGAOO
"GeenLk Golden Money Plant  (Hybrid, Pack of 1)",299.00, ₹170.00 ,43%,Small,No Returns Allowed?,Bamboo,Annual,Indoor,Yes,12.00,Yes,GeenLk
"Elanthalir Table Palm Plant  (Hybrid, Pack of 1)",299.00, ₹142.00 ,52%,Small,No Returns Allowed?,Bonsai,Perennial,Both,No,1.00,Yes,Elanthalir
"Samarthgreens Strawberry Plant  (Hybrid, Pack of 1)",600.00, ₹121.00 ,79%,Small,No Returns Allowed?,Fruit,Annual,Both,Yes,1.00,Yes,Samarthgreens
"SKDIYA Cherry Fruit Plant  (Hybrid, Pack of 1)",595.00, ₹137.00 ,76%,Small,No Returns Allowed?,Fruit,Perennial,Both,No,1.00,Yes,SKDIYA
UGAOO Golden Aralia Plant  (Pack of 1),349.00, ₹199.00 ,42%,Small,No Returns Allowed?,Shrub,Annual,Indoor,No,1.00,No,UGAOO
"GHF Two Layer Bamboo Plant  (Hybrid, Pack of 1)",421.00, ₹171.00 ,59%,Small,No Returns Allowed?,Bamboo,Annual,Indoor,Yes,12.00,Yes,GHF
"UGAOO Jade Plant  (Hybrid, Pack of 1)",495.00, ₹299.00 ,39%,Small,No Returns Allowed?,Succulent,Annual,Indoor,Yes,1.00,Yes,UGAOO
"bhowmick Areca Palm  (Hybrid, Pack of 1)",599.00, ₹169.00 ,71%,Medium,No Returns Allowed?,Tree,Perennial,Both,No,1.00,Yes,bhowmick
Nursery Hub Jade Plant  (Pack of 6),1533.00, ₹399.00 ,73%,Small,No Returns Allowed?,Flower,Annual,Both,No,1.00,No,Nursery Hub
UGAOO Two Layer Bamboo Plant  (Pack of 1),399.00, ₹249.00 ,37%,Small,No Returns Allowed?,Bamboo,Annual,Indoor,Yes,1.00,No,UGAOO
"AloGardening Guava Plant  (Hybrid, Pack of 1)",349.00, ₹129.00 ,63%,Small,No Returns Allowed?,Fruit,Perennial,Both,No,1.00,Yes,AloGardening
"bhowmick Baugainvillea Plant  (Hybrid, Pack of 1)",499.00, ₹134.00 ,73%,Medium,No Returns Allowed?,Flower,Perennial,Both,No,1.00,Yes,bhowmick
UGAOO Three Layer Bamboo Plant  (Pack of 1),499.00, ₹349.00 ,30%,Small,No Returns Allowed?,Bamboo,Biennial,Indoor,Yes,1.00,No,UGAOO
"EVY Tuberose/Rajnigandha Plant  (Hybrid, Pack of 1)",399.00, ₹125.00 ,68%,Small,No Returns Allowed?,Herb,Annual,Both,No,1.00,Yes,EVY
UGAOO Philodendron Micans Plant  (Pack of 1),449.00, ₹329.00 ,26%,Small,No Returns Allowed?,Foliage,Biennial,Indoor,No,1.00,No,UGAOO
"LaughEarth Parijat/Harsingar Plant  (Hybrid, Pack of 1)",499.00, ₹123.00 ,75%,Small,No Returns Allowed?,Herb,Annual,Both,No,1.00,Yes,LaughEarth
"Green view Coconut Plant  (Hybrid, Pack of 1)",449.00, ₹271.00 ,39%,Small,No Returns Allowed?,Fruit,Perennial,Both,No,1.00,Yes,Green view
UGAOO Philodendron Brasil Plant  (Pack of 1),449.00, ₹299.00 ,33%,Small,No Returns Allowed?,Foliage,Annual,Indoor,No,1.00,No,UGAOO
UGAOO Philodendron Brasil Plant  (Pack of 1),449.00, ₹299.00 ,33%,Small,No Returns Allowed?,Foliage,Annual,Indoor,No,1.00,No,UGAOO
"Unisam Laxmi Lakshmi Kamal Laxmi Kamal Plant  (Hybrid, Pack of 1)",396.00, ₹177.00 ,55%,Small,No Returns Allowed?,Succulent,Perennial,Both,Yes,1.00,Yes,Unisam Laxmi Lakshmi Kamal
"AloGardening Adenium Plant  (Hybrid, Pack of 6)",789.00, ₹268.00 ,66%,Small,No Returns Allowed?,Flower,Perennial,Both,No,1.00,Yes,AloGardening
"Heaven Of Saplings Bacopa Monnieri  (Hybrid, Pack of 1)",299.00, ₹135.00 ,54%,Small,No Returns Allowed?,Herb,Perennial,Both,Yes,0.60,Yes,Heaven Of Saplings
"Cloud Farm Hibiscus Plant  (Hybrid, Pack of 4)",499.00, ₹165.00 ,66%,Small,No Returns Allowed?,Flower,Perennial,Both,No,1.00,Yes,Cloud Farm
UGAOO Philodendron Brasil Plant  (Pack of 1),555.00, ₹329.00 ,40%,Small,No Returns Allowed?,Foliage,Biennial,Indoor,No,1.00,No,UGAOO
UGAOO Philodendron Plant  (Pack of 1),449.00, ₹329.00 ,26%,Small,No Returns Allowed?,Foliage,Biennial,Indoor,No,1.00,No,UGAOO
"AloGardening Dragon Tree  (Hybrid, Pack of 3)",399.00, ₹133.00 ,66%,Small,No Returns Allowed?,Fruit,Perennial,Both,No,1.00,Yes,AloGardening
"Green view Coconut Plant  (Hybrid, Pack of 1)",419.00, ₹289.00 ,31%,Small,No Returns Allowed?,Fruit,Perennial,Both,No,1.00,Yes,Green view
UGAOO Green Philodendron Oxycardium Plant  (Pack of 1),595.00, ₹299.00 ,49%,Small,No Returns Allowed?,Foliage,Biennial,Indoor,No,1.00,No,UGAOO
UGAOO Green Philodendron Oxycardium Plant  (Pack of 1),449.00, ₹299.00 ,33%,Small,No Returns Allowed?,Foliage,Biennial,Indoor,No,1.00,No,UGAOO
"HARIGURU All Spice Plant  (Hybrid, Pack of 1)",449.00, ₹179.00 ,60%,Medium,No Returns Allowed?,Herb,Annual,Both,No,0.50,Yes,HARIGURU
UGAOO Njoy Money Plant  (Pack of 1),349.00, ₹199.00 ,42%,Small,No Returns Allowed?,Creepers and Climbers,Annual,Indoor,No,1.00,No,UGAOO
"Green view Coconut Plant  (Hybrid, Pack of 1)",425.00, ₹275.00 ,35%,Small,No Returns Allowed?,Fruit,Perennial,Both,No,1.00,Yes,Green view
UGAOO Snake Plant  (Pack of 1),499.00, ₹249.00 ,50%,Small,No Returns Allowed?,Shrub,Annual,Indoor,No,1.00,No,UGAOO
UGAOO Green Philodendron Oxycardium Plant  (Pack of 1),449.00, ₹299.00 ,33%,Small,No Returns Allowed?,Foliage,Biennial,Indoor,No,1.00,No,UGAOO
"plantsNpetals Three Layer Bamboo Plant  (Hybrid, Pack of 1)",999.00, ₹379.00 ,62%,Medium,No Returns Allowed?,Bamboo,Annual,Both,Yes,2.00,Yes,plantsNpetals
UGAOO Syngonium Plant  (Pack of 1),399.00, ₹199.00 ,50%,Small,No Returns Allowed?,Foliage,Annual,Indoor,Yes,1.00,No,UGAOO
UGAOO Broken Heart Plant  (Pack of 1),349.00, ₹199.00 ,42%,Small,No Returns Allowed?,Foliage,Annual,Indoor,No,1.00,No,UGAOO
"Green view Coconut Plant  (Hybrid, Pack of 1)",625.00, ₹298.00 ,52%,Small,No Returns Allowed?,Fruit,Perennial,Both,No,1.00,Yes,Green view
UGAOO Jade Plant  (Pack of 1),349.00, ₹199.00 ,42%,Small,No Returns Allowed?,Succulent,Annual,Indoor,No,1.00,No,UGAOO
TAYAN Bamboo Palm Plant  (Pack of 1),599.00, ₹299.00 ,50%,Small,No Returns Allowed?,Shrub,Annual,Indoor,No,1.00,No,TAYAN
Real Nature Two Layer Bamboo Plant  (Pack of 1),699.00, ₹290.00 ,58%,Small,No Returns Allowed?,Bamboo,Annual,Indoor,Yes,6.00,No,Real Nature
"GIRISHA TRADERS Two Layer Bamboo Plant, Lucky Bamboo Straight Stick, Dracaena Plant  (Pack of 1)",599.00, ₹229.00 ,61%,Small,No Returns Allowed?,Bamboo,Annual,Indoor,Yes,2.00,No,GIRISHA TRADERS
UGAOO Peace Lily Plant  (Pack of 1),349.00, ₹199.00 ,42%,Small,No Returns Allowed?,Succulent,Annual,Indoor,No,1.00,No,UGAOO
"plantsNpetals Two Layer Bamboo Plant  (Hybrid, Pack of 1)",999.00, ₹399.00 ,60%,Medium,No Returns Allowed?,Bamboo,Annual,Both,Yes,2.00,Yes,plantsNpetals
"RJGUDDU Mini Brazalian wood  (Hybrid, Pack of 1)",699.00, ₹279.00 ,60%,Small,No Returns Allowed?,Bamboo,Annual,Indoor,Yes,2.00,Yes,RJGUDDU
