name,original price,special price,discount,plant size,return policy,type,life cycle,location,feng shui,plant age,hybride,brand,Unnamed: 13,ORIGINAL PRICE,Unnamed: 15,Unnamed: 16,PLANT SIZE,Unnamed: 18
Pottplants Anthurium Plant  (Pack of 1),499,199,0.6,Medium,No Returns Allowed?,Foliage,Perennial,Indoor,No,1.0,No,Pottplants,,,,,,
"greenhousestore Ficus Bonsai Plant  (Hybrid, Pack of 1)",599,130,0.78,Small,No Returns Allowed?,Fruit,Annual,Both,Yes,1.0,Yes,greenhousestore,,MEDIAN,499.0,,,
"Roy's Fashoin Brahma Kamal Plant  (Hybrid, Pack of 1)",499,249,0.5,Medium,No Returns Allowed?,Flower,Perennial,Both,No,1.0,Yes,Roy's Fashoin,,,,,COUNTIF(SMALL),303.0
"FURYHUB Tomato Plant  (Hybrid, Pack of 1)",399,120,0.69,Small,No Returns Allowed?,Fruit,Annual,Both,No,1.0,Yes,FURYHUB,,MEAN,520.3375,,,
"Global Mart Plant Pomegranate Plant  (Hybrid, Pack of 1)",398,124,0.68,Small,No Returns Allowed?,Fruit,Perennial,Both,No,1.0,Yes,Global Mart Plant,,,,,COUNTIF(MEDIUM),96.0
"greenhousestore Jackfruit Plant  (Hybrid, Pack of 1)",599,120,0.79,Small,No Returns Allowed?,Fruit,Annual,Both,Yes,1.0,Yes,greenhousestore,,MODE,499.0,,,
"Aquinnah Graden White Sandalwood Plant  (Hybrid, Pack of 1)",489,125,0.74,Small,No Returns Allowed?,Herb,Annual,Both,Yes,1.0,Yes,Aquinnah Graden,,,,,COUNTIF(LARGE),1.0
"Cloud Farm Gummy Gardenia Plant  (Hybrid, Pack of 1)",499,135,0.72,Small,No Returns Allowed?,Flower,Perennial,Both,No,1.0,Yes,Cloud Farm,,,,,,
"FSK Betel Nut/Supari Plant  (Hybrid, Pack of 1)",499,121,0.75,Medium,No Returns Allowed?,Fruit,Perennial,Both,No,0.5,Yes,FSK,,SPECIAL PRICE,,,,
"Cloud Farm Dragon Tree  (Hybrid, Pack of 3)",499,125,0.74,Small,No Returns Allowed?,Fruit,Annual,Both,No,1.0,Yes,Cloud Farm,,,,,HYBRIDE,
"AloGardening Dragon Tree  (Hybrid, Pack of 2)",299,130,0.56,Small,No Returns Allowed?,Fruit,Perennial,Both,No,1.0,Yes,AloGardening,,,,,,
Mrplant Jade Plant  (Pack of 1),499,128,0.74,Small,No Returns Allowed?,Air purifier plant,Annual,Indoor,No,3.0,No,Mrplant,,MEDIAN,135.0,,,
"pagoda point Crasulla Ovata Plant  (Hybrid, Pack of 1)",405,130,0.67,Small,No Returns Allowed?,Succulent,Annual,Both,Yes,50.0,Yes,pagoda point,,,,,COUNT OF YES,331.0
UGAOO Bamboo Palm Plant  (Pack of 1),499,279,0.44,Small,No Returns Allowed?,Bamboo,Annual,Indoor,No,1.0,No,UGAOO,,MEAN,168.6425,,,
"LaughEarth White Sandalwood Plant  (Hybrid, Pack of 1)",499,140,0.71,Small,No Returns Allowed?,Succulent,Annual,Both,Yes,15.0,Yes,LaughEarth,,,,,,
"Ariya Berry Plant  (Hybrid, Pack of 1)",799,126,0.84,Medium,No Returns Allowed?,Fruit,Perennial,Outdoor,No,1.0,Yes,Ariya,,MODE,125.0,,,
"PlantsEarth Hibiscus Plant  (Hybrid, Pack of 1)",422,120,0.71,Small,No Returns Allowed?,Flower,Perennial,Both,No,1.0,Yes,PlantsEarth,,,,,,
"Bijaya Online Store Areca Palm  (Hybrid, Pack of 3)",449,179,0.6,Small,No Returns Allowed?,Air purifier plant,Perennial,Both,No,0.8,Yes,Bijaya Online Store,,,,,,
"ibains Mini Brazalian wood  (Hybrid, Pack of 44)",399,186,0.53,Medium,No Returns Allowed?,Bonsai,Perennial,Indoor,Yes,1.0,Yes,ibains,,DISCOUNT,,,,
"AloGardening Guava Plant  (Hybrid, Pack of 1)",399,185,0.53,Small,No Returns Allowed?,Fruit,Perennial,Both,No,1.0,Yes,AloGardening,,,,,,
"AloGardening Dragon Tree  (Hybrid, Pack of 6)",399,160,0.59,Small,No Returns Allowed?,Fruit,Annual,Both,No,1.0,Yes,AloGardening,,,,,,
"Ukanda Hibiscus Plant  (Hybrid, Pack of 1)",399,119,0.7,Small,No Returns Allowed?,Flower,Annual,Both,Yes,0.5,Yes,Ukanda,,MEDIAN,0.68,,,
"AloGardening Ber Apple Plant  (Hybrid, Pack of 1)",235,139,0.4,Small,No Returns Allowed?,Fruit,Perennial,Both,No,0.2,Yes,AloGardening,,,,,,
"EVY Shami/Jand Plant  (Hybrid, Pack of 1)",299,118,0.6,Small,No Returns Allowed?,Herb,Annual,Both,No,1.0,Yes,EVY,,MEAN,0.6405000000000001,,,
"greenhousestore Hibiscus Plant  (Hybrid, Pack of 1)",599,149,0.75,Small,No Returns Allowed?,Flower,Annual,Both,Yes,1.0,Yes,greenhousestore,,,,,,
"GreenHorizon Rudraksha Plant  (Hybrid, Pack of 1)",663,118,0.82,Small,No Returns Allowed?,Fruit,Perennial,Both,No,0.3,Yes,GreenHorizon,,MODE,0.68,,,
"Corofitam Jamun Plant  (Hybrid, Pack of 1)",399,123,0.69,Small,No Returns Allowed?,Fruit,Perennial,Both,Yes,1.0,Yes,Corofitam,,,,,,
"Ukanda Bay Leaf Plant  (Hybrid, Pack of 1)",349,126,0.63,Small,No Returns Allowed?,Herb,Perennial,Both,Yes,0.5,Yes,Ukanda,,,,,,
"Gabbro Two Layer Bamboo Plant  (Hybrid, Pack of 2)",999,499,0.5,Small,No Returns Allowed?,Bamboo,Perennial,Indoor,Yes,4.0,Yes,Gabbro,,,,,,
"Cloud Farm Tuberose/Rajnigandha Plant  (Hybrid, Pack of 1)",499,121,0.75,Medium,No Returns Allowed?,Herb,Perennial,Both,No,1.0,Yes,Cloud Farm,,PLANT AGE,,,,
"Augadh Orange Plant  (Hybrid, Pack of 1)",299,115,0.61,Medium,No Returns Allowed?,Fruit,Perennial,Both,No,1.0,Yes,Augadh,,,,,,
"natikrd Chrysanthemums/ Guldavari Plant  (Hybrid, Pack of 1)",499,140,0.71,Small,No Returns Allowed?,Flower,Perennial,Both,No,1.0,Yes,natikrd,,,,,,
"PETALFLEUR Adenium Plant  (Hybrid, Pack of 1)",399,140,0.64,Small,No Returns Allowed?,Flower,Perennial,Both,No,1.0,Yes,PETALFLEUR,,MEDIAN,1.0,,,
Tribute Giloy Plant  (Pack of 20),489,140,0.71,Small,No Returns Allowed?,Herb,Perennial,Both,No,5.0,No,Tribute,,,,,,
"greenhousestore Shami/Jand Plant  (Hybrid, Pack of 1)",599,123,0.79,Small,No Returns Allowed?,Succulent,Annual,Both,Yes,1.0,Yes,greenhousestore,,MEAN,1.5752500000000003,,,
"greenhousestore Orchid Plant  (Hybrid, Pack of 1)",549,127,0.76,Small,No Returns Allowed?,Flower,Annual,Both,Yes,1.0,Yes,greenhousestore,,,,,,
"HARIGURU Aparajita/ Butterfly Pea Plant  (Hybrid, Pack of 1)",299,180,0.39,Medium,No Returns Allowed?,Flower,Biennial,Both,Yes,0.5,Yes,HARIGURU,,MODE,1.0,,,
"PLANTTOOZS White Sandalwood Plant  (Hybrid, Pack of 1)",399,130,0.67,Small,No Returns Allowed?,Succulent,Annual,Both,Yes,1.0,Yes,PLANTTOOZS,,,,,,
"ZOOMGREEN Aglaonema Plant  (Hybrid, Pack of 1)",499,258,0.48,Medium,No Returns Allowed?,Air purifier plant,Annual,Indoor,No,1.0,Yes,ZOOMGREEN,,,,,,
"greenhousestore Grapes Plant  (Hybrid, Pack of 1)",599,125,0.79,Small,No Returns Allowed?,Fruit,Annual,Both,Yes,1.0,Yes,greenhousestore,,,,,,
"Linaa Jade Plant  (Hybrid, Pack of 1)",999,125,0.87,Small,No Returns Allowed?,Bonsai,Annual,Both,Yes,1.0,Yes,Linaa,,67457,,,,
"ZOOMGREEN Aglaonema Plant  (Hybrid, Pack of 1)",499,258,0.48,Medium,No Returns Allowed?,Air purifier plant,Annual,Indoor,No,1.0,Yes,ZOOMGREEN,,,,,,
"HARIGURU Aparajita/ Butterfly Pea Plant  (Hybrid, Pack of 1)",299,180,0.39,Medium,No Returns Allowed?,Flower,Biennial,Both,Yes,0.5,Yes,HARIGURU,,,,,,
"greenhousestore Orchid Plant  (Hybrid, Pack of 1)",549,127,0.76,Small,No Returns Allowed?,Flower,Annual,Both,Yes,1.0,Yes,greenhousestore,,,,,,
"greenhousestore Grapes Plant  (Hybrid, Pack of 1)",599,125,0.79,Small,No Returns Allowed?,Fruit,Annual,Both,Yes,1.0,Yes,greenhousestore,,,,,,
"PLANTTOOZS White Sandalwood Plant  (Hybrid, Pack of 1)",399,130,0.67,Small,No Returns Allowed?,Succulent,Annual,Both,Yes,1.0,Yes,PLANTTOOZS,,,,,,
"AquinnahGaden Pistachio Plant  (Hybrid, Pack of 1)",499,189,0.62,Medium,No Returns Allowed?,Fruit,Annual,Both,Yes,1.0,Yes,AquinnahGaden,,,,,,
"MAITRA AND SONS Areca Plam  (Hybrid, Pack of 1)",199,132,0.33,Medium,No Returns Allowed?,Shrub,Perennial,Indoor,Yes,1.0,Yes,MAITRA AND SONS,,,,,,
"HIGH TECH FARM Wax Apple Plant  (Hybrid, Pack of 1)",499,123,0.75,Medium,No Returns Allowed?,Fruit,Perennial,Both,No,1.0,Yes,HIGH TECH FARM,,,,,,
"Grinian Spider Plant  (Hybrid, Pack of 1)",489,165,0.66,Small,No Returns Allowed?,Foliage,Perennial,Indoor,Yes,1.0,Yes,Grinian,,,,,,
GHF Two Layer Bamboo Plant  (Pack of 1),399,256,0.35,Small,No Returns Allowed?,Bamboo,Annual,Indoor,Yes,1.0,No,GHF,,,,,,
PLANTTOOZS Coconut Plant  (Pack of 1),904,196,0.78,Medium,No Returns Allowed?,Fruit,Perennial,Both,No,1.0,No,PLANTTOOZS,,,,,,
"greenhousestore Curry Leaf Plant  (Hybrid, Pack of 1)",599,125,0.79,Small,No Returns Allowed?,Herb,Annual,Both,Yes,1.0,Yes,greenhousestore,,,,,,
"AquinnahGaden Brahma Kamal Plant  (Hybrid, Pack of 1)",350,126,0.64,Medium,No Returns Allowed?,Flower,Annual,Both,Yes,1.0,Yes,AquinnahGaden,,,,,,
Harshgreen Two Layer Bamboo Plant  (Pack of 2),799,381,0.52,Medium,No Returns Allowed?,Bamboo,Annual,Both,Yes,24.0,No,Harshgreen,,,,,,
"EVY Rudraksha Plant  (Hybrid, Pack of 1)",299,114,0.61,Small,No Returns Allowed?,Succulent,Annual,Both,No,1.0,Yes,EVY,,,,,,
"MircleGarden Tulsi Plant  (Hybrid, Pack of 1)",249,120,0.51,Small,No Returns Allowed?,Herb,Perennial,Both,Yes,1.0,Yes,MircleGarden,,,,,,
"Cloud Farm Adenium Plant  (Hybrid, Pack of 5)",499,399,0.68,Small,No Returns Allowed?,Flower,Perennial,Both,No,1.0,Yes,Cloud Farm,,,,,,
"UGAOO Broken Heart Plant  (Hybrid, Pack of 1)",449,299,0.33,Small,No Returns Allowed?,Air purifier plant,Annual,Indoor,No,1.0,Yes,UGAOO,,,,,,
"AquinnahGaden Areca Palm  (Hybrid, Pack of 1)",499,139,0.72,Medium,No Returns Allowed?,Foliage,Annual,Both,Yes,1.0,Yes,AquinnahGaden,,,,,,
"rimardmistu Drumstick Tree Plant  (Hybrid, Pack of 1)",599,226,0.62,Medium,No Returns Allowed?,Herb,Perennial,Both,Yes,1.0,Yes,rimardmistu,,,,,,
"greengrow Neem Plant  (Hybrid, Pack of 1)",589,125,0.78,Small,No Returns Allowed?,Foliage,Annual,Both,Yes,1.0,Yes,greengrow,,,,,,
"greenhousestore Apple Plant  (Hybrid, Pack of 1)",408,118,0.71,Medium,No Returns Allowed?,Fruit,Perennial,Both,Yes,1.0,Yes,greenhousestore,,,,,,
"PB honey priya plant Shami/Jand Plant  (Hybrid, Pack of 1)",398,118,0.7,Small,No Returns Allowed?,Herb,Perennial,Both,Yes,1.0,Yes,PB honey priya plant,,,,,,
Kyari Jade Plant  (Pack of 1),499,149,0.7,Small,No Returns Allowed?,Foliage,Perennial,Indoor,No,1.0,No,Kyari,,,,,,
"Click to purchase Madhu Kamini Plant  (Hybrid, Pack of 1)",270,132,0.51,Small,No Returns Allowed?,Flower,Perennial,Both,No,0.2,Yes,Click to purchase,,,,,,
"FasanGreen Jasmine Plant  (Hybrid, Pack of 1)",249,119,0.52,Small,No Returns Allowed?,Flower,Perennial,Both,Yes,1.0,Yes,FasanGreen,,,,,,
"AquinnahGaden Black Pepper Plant  (Hybrid, Pack of 2)",489,149,0.69,Medium,No Returns Allowed?,Herb,Annual,Both,Yes,1.0,Yes,AquinnahGaden,,,,,,
"PlantsMart Hibiscus Plant  (Hybrid, Pack of 1)",229,120,0.47,Small,No Returns Allowed?,Flower,Perennial,Both,No,0.9,Yes,PlantsMart,,,,,,
Skrhuvoy Coleus Plant  (Pack of 1),399,160,0.59,Small,No Returns Allowed?,Tree,Perennial,Indoor,No,1.0,No,Skrhuvoy,,,,,,
"Cloud Farm Grapes Plant  (Hybrid, Pack of 1)",499,135,0.72,Small,No Returns Allowed?,Fruit,Perennial,Both,Yes,1.0,Yes,Cloud Farm,,,,,,
"Gereen View Bel Plant  (Hybrid, Pack of 1)",699,127,0.81,Small,No Returns Allowed?,Tree,Perennial,Both,No,1.5,Yes,Gereen View,,,,,,
"BALA PLANT CREATION Cherry Fruit Plant  (Hybrid, Pack of 1)",499,122,0.75,Medium,No Returns Allowed?,Fruit,Annual,Both,Yes,1.0,Yes,BALA PLANT CREATION,,,,,,
"ARYAN EVERGREEN Rose Plant  (Hybrid, Pack of 1)",339,115,0.66,Small,No Returns Allowed?,Flower,Perennial,Both,No,1.0,Yes,ARYAN EVERGREEN,,,,,,
ADITYA GREEN PLANTS AGP Bacopa Monnieri  (Pack of 1),399,118,0.7,Small,No Returns Allowed?,Herb,Annual,Both,No,1.0,No,ADITYA GREEN PLANTS AGP,,,,,,
"Cloud Farm Durian Plant  (Hybrid, Pack of 1)",499,122,0.75,Small,No Returns Allowed?,Fruit,Perennial,Both,No,1.0,Yes,Cloud Farm,,,,,,
"Global Mart Plant Mini Brazalian wood  (Hybrid, Pack of 1)",399,125,0.68,Medium,No Returns Allowed?,Bamboo,Perennial,Both,Yes,1.0,Yes,Global Mart Plant,,,,,,
"GreenHorizon Guava Plant  (Hybrid, Pack of 1)",250,120,0.52,Small,No Returns Allowed?,Fruit,Perennial,Both,No,1.0,Yes,GreenHorizon,,,,,,
"greenhousestore Apple Plant  (Hybrid, Pack of 1)",599,117,0.8,Small,No Returns Allowed?,Fruit,Annual,Both,Yes,1.0,Yes,greenhousestore,,,,,,
"FURYHUB Portulaca Plant  (Hybrid, Pack of 1)",399,134,0.66,Small,No Returns Allowed?,Flower,Annual,Both,No,1.0,Yes,FURYHUB,,,,,,
"greenhousestore Wax Apple Plant  (Hybrid, Pack of 1)",599,135,0.77,Small,No Returns Allowed?,Fruit,Annual,Both,Yes,1.0,Yes,greenhousestore,,,,,,
"GreenGrowth Orchid Plant  (Hybrid, Pack of 4)",799,146,0.81,Small,No Returns Allowed?,Tree,Annual,Both,No,0.2,Yes,GreenGrowth,,,,,,
"Royplant Snake Plant  (Hybrid, Pack of 1)",432,135,0.68,Small,No Returns Allowed?,Foliage,Perennial,Both,Yes,1.0,Yes,Royplant,,,,,,
"Cloud Farm Rose Plant  (Hybrid, Pack of 1)",499,119,0.76,Small,No Returns Allowed?,Flower,Perennial,Both,No,1.0,Yes,Cloud Farm,,,,,,
"GREENELAND lotus  (Hybrid, Pack of 1)",153,112,0.26,Small,No Returns Allowed?,Flower,Annual,Both,Yes,1.0,Yes,GREENELAND,,,,,,
"Click to buy Calathea Dottie  (Hybrid, Pack of 1)",999,146,0.85,Small,No Returns Allowed?,Foliage,Perennial,Both,Yes,1.0,Yes,Click to buy,,,,,,
"Hug A Plant Vanilla Plant  (Hybrid, Pack of 1)",799,399,0.5,Small,No Returns Allowed?,Creepers and Climbers,Perennial,Both,No,1.0,Yes,Hug A Plant,,,,,,
"greengrow Snake Plant  (Hybrid, Pack of 1)",499,191,0.61,Small,No Returns Allowed?,Shrub,Annual,Both,Yes,1.0,Yes,greengrow,,,,,,
"EarthAngel Rose Plant  (Hybrid, Pack of 1)",499,124,0.75,Small,No Returns Allowed?,Flower,Annual,Both,Yes,0.5,Yes,EarthAngel,,,,,,
KUMUBON Begonia Vanusta Plant  (Pack of 1),299,161,0.46,Medium,No Returns Allowed?,Flower,Perennial,Both,No,1.0,No,KUMUBON,,,,,,
"greenhousestore ZZ Plant  (Hybrid, Pack of 1)",599,125,0.79,Small,No Returns Allowed?,Fruit,Annual,Both,Yes,1.0,Yes,greenhousestore,,,,,,
"greenhousestore Star Fruit Carambola Grafted Plant  (Hybrid, Pack of 1)",376,121,0.67,Small,No Returns Allowed?,Fruit,Perennial,Indoor,Yes,1.0,Yes,greenhousestore,,,,,,
"HARIGURU Shahtoot/Mulberry Plant  (Hybrid, Pack of 1)",299,189,0.36,Medium,No Returns Allowed?,Fruit,Biennial,Both,Yes,0.5,Yes,HARIGURU,,,,,,
"greenhousestore Aloe Vera Plant  (Hybrid, Pack of 1)",599,220,0.63,Small,No Returns Allowed?,Herb,Annual,Both,Yes,1.0,Yes,greenhousestore,,,,,,
"WZZA Laxmi Kamal Plant  (Hybrid, Pack of 1)",499,297,0.4,Small,No Returns Allowed?,Succulent,Annual,Both,Yes,2.0,Yes,WZZA,,,,,,
"FSK Cinnamon Plant  (Hybrid, Pack of 1)",419,133,0.68,Medium,No Returns Allowed?,Herb,Perennial,Both,Yes,1.0,Yes,FSK,,,,,,
"GHF Two Layer Bamboo Plant  (Hybrid, Pack of 1)",399,174,0.56,Small,No Returns Allowed?,Bamboo,Perennial,Indoor,Yes,4.0,Yes,GHF,,,,,,
"greenhousestore Jack Fruit Plant  (Hybrid, Pack of 1)",598,139,0.76,Small,No Returns Allowed?,Fruit,Annual,Both,Yes,1.0,Yes,greenhousestore,,,,,,
"PB HONEY PRIYA PLaNTS Bluebell barleria Plant  (Hybrid, Pack of 1)",299,175,0.41,Medium,No Returns Allowed?,Fruit,Annual,Both,Yes,1.0,Yes,PB HONEY PRIYA PLaNTS,,,,,,
"jarr Money Plant  (Hybrid, Pack of 1)",499,125,0.74,Small,No Returns Allowed?,Air purifier plant,Perennial,Both,Yes,1.0,Yes,jarr,,,,,,
"PB honey priya plant Star Fruit Carambola Grafted Plant  (Hybrid, Pack of 1)",398,124,0.68,Medium,No Returns Allowed?,Fruit,Biennial,Both,Yes,1.0,Yes,PB honey priya plant,,,,,,
"greenhousestore Madhumalti/Rangoon Creeper  (Hybrid, Pack of 1)",313,120,0.61,Medium,No Returns Allowed?,Flower,Perennial,Both,Yes,1.0,Yes,greenhousestore,,,,,,
"AloGardening Betel Leaf Plant  (Hybrid, Pack of 1)",399,185,0.53,Small,No Returns Allowed?,Herb,Biennial,Both,No,1.0,Yes,AloGardening,,,,,,
"Samarthgreens Pomegranate Plant  (Hybrid, Pack of 1)",599,126,0.78,Small,No Returns Allowed?,Fruit,Annual,Indoor,Yes,1.0,Yes,Samarthgreens,,,,,,
"PEDPOUDHE Calathea Plant  (Hybrid, Pack of 1)",1000,167,0.83,Small,No Returns Allowed?,Foliage,Perennial,Indoor,No,1.0,Yes,PEDPOUDHE,,,,,,
"GreenHorizon Aloe Vera Plant  (Hybrid, Pack of 1)",499,135,0.68,Small,No Returns Allowed?,Herb,Annual,Both,Yes,0.6,Yes,GreenHorizon,,,,,,
"Cloud Farm Adenium Plant  (Hybrid, Pack of 6)",999,299,0.7,Small,No Returns Allowed?,Flower,Perennial,Both,Yes,1.0,Yes,Cloud Farm,,,,,,
"MAITRA AND SONS Jade Plant  (Hybrid, Pack of 1)",299,125,0.58,Medium,No Returns Allowed?,Foliage,Perennial,Both,No,1.0,Yes,MAITRA AND SONS,,,,,,
E-GARDEN RED ROSE PLANT  (Pack of 1),499,145,0.7,Small,No Returns Allowed?,Flower,Perennial,Indoor,No,1.0,No,E-GARDEN,,,,,,
"AquinnahGaden Areca Palm  (Hybrid, Pack of 1)",492,152,0.69,Medium,No Returns Allowed?,Herb,Annual,Both,Yes,1.0,Yes,AquinnahGaden,,,,,,
"Zomoloco Ber Apple Plant  (Hybrid, Pack of 1)",399,130,0.67,Small,No Returns Allowed?,Fruit,Perennial,Both,No,1.0,Yes,Zomoloco,,,,,,
"ARYAN EVERGREEN Lily Plant  (Hybrid, Pack of 1)",599,130,0.78,Small,No Returns Allowed?,Flower,Perennial,Both,Yes,2.0,Yes,ARYAN EVERGREEN,,,,,,
"greenhousestore Banana Plant  (Hybrid, Pack of 1)",499,135,0.68,Small,No Returns Allowed?,Fruit,Perennial,Both,Yes,0.6,Yes,greenhousestore,,,,,,
"GaiaStore Orchid Plant  (Hybrid, Pack of 5)",899,146,0.83,Small,No Returns Allowed?,Flower,Biennial,Indoor,Yes,1.0,Yes,GaiaStore,,,,,,
"Gabbro Jade Plant  (Hybrid, Pack of 1)",499,199,0.6,Medium,No Returns Allowed?,Succulent,Perennial,Both,Yes,10.0,Yes,Gabbro,,,,,,
"Rm live plant ZZ Plant  (Hybrid, Pack of 1)",499,169,0.66,Small,No Returns Allowed?,Bonsai,Annual,Indoor,No,1.0,Yes,Rm live plant,,,,,,
"Vijay Sales Spider Plant  (Hybrid, Pack of 1)",498,128,0.74,Small,No Returns Allowed?,Foliage,Annual,Indoor,No,1.0,Yes,Vijay Sales,,,,,,
"greenhousestore Coconut Plant  (Hybrid, Pack of 1)",599,169,0.71,Small,No Returns Allowed?,Fruit,Annual,Both,Yes,1.0,Yes,greenhousestore,,,,,,
"greenhousestore Rose Plant  (Hybrid, Pack of 1)",499,120,0.75,Small,No Returns Allowed?,Flower,Annual,Both,Yes,1.0,Yes,greenhousestore,,,,,,
"Tha live root Laxmi kamal Laxmi Kamal Plant  (Hybrid, Pack of 1)",500,199,0.6,Small,No Returns Allowed?,Succulent,Annual,Both,Yes,1.0,Yes,Tha live root Laxmi kamal,,,,,,
"AquinnahGaden Insulin Plant  (Hybrid, Pack of 1)",489,123,0.74,Medium,No Returns Allowed?,Herb,Annual,Both,Yes,1.0,Yes,AquinnahGaden,,,,,,
"sealok Euphorbia Plant  (Hybrid, Pack of 1)",399,127,0.68,Small,No Returns Allowed?,Flower,Annual,Both,No,1.0,Yes,sealok,,,,,,
"ABEFARIYA Begonia Vanusta Plant  (Hybrid, Pack of 1)",1200,140,0.88,Small,No Returns Allowed?,Flower,Perennial,Both,Yes,1.0,Yes,ABEFARIYA,,,,,,
"FURYHUB Money Plant  (Hybrid, Pack of 1)",499,130,0.73,Small,No Returns Allowed?,Succulent,Annual,Both,No,1.0,Yes,FURYHUB,,,,,,
"AloGardening Adenium Plant  (Hybrid, Pack of 9)",1099,483,0.56,Small,No Returns Allowed?,Flower,Perennial,Both,No,1.0,Yes,AloGardening,,,,,,
"MAITRA AND SONS Rosemary Plant  (Hybrid, Pack of 1)",299,180,0.39,Medium,No Returns Allowed?,Herb,Perennial,Both,No,1.0,Yes,MAITRA AND SONS,,,,,,
"KUMUBON Madhu Kamini Plant  (Hybrid, Pack of 1)",299,250,0.16,Small,No Returns Allowed?,Flower,Perennial,Both,Yes,1.0,Yes,KUMUBON,,,,,,
"Cloud Farm Papaya Plant  (Hybrid, Pack of 1)",499,136,0.72,Medium,No Returns Allowed?,Fruit,Perennial,Both,No,1.0,Yes,Cloud Farm,,,,,,
LaughEarth Shami/Jand Plant  (Pack of 1),399,170,0.57,Small,No Returns Allowed?,Succulent,Perennial,Both,No,1.0,No,LaughEarth,,,,,,
"Marinetree Bougainvillea Plant  (Hybrid, Pack of 1)",249,125,0.49,Small,No Returns Allowed?,Flower,Perennial,Both,Yes,0.6,Yes,Marinetree,,,,,,
"Cloud Farm Chiku Plant  (Hybrid, Pack of 1)",499,115,0.76,Small,No Returns Allowed?,Fruit,Perennial,Both,No,1.0,Yes,Cloud Farm,,,,,,
"K,M.GREEN Tamarind Plant  (Hybrid, Pack of 1)",399,127,0.68,Medium,No Returns Allowed?,Fruit,Annual,Both,Yes,1.0,Yes,"K,M.GREEN",,,,,,
"Cloud Farm Almond Plant  (Hybrid, Pack of 1)",299,130,0.56,Medium,No Returns Allowed?,Fruit,Annual,Both,No,1.0,Yes,Cloud Farm,,,,,,
"ADA China Palm Plant  (Hybrid, Pack of 1)",499,129,0.74,Medium,No Returns Allowed?,Bonsai,Perennial,Both,No,1.0,Yes,ADA,,,,,,
"Samarthgreens Ficus Plant  (Hybrid, Pack of 1)",599,140,0.76,Medium,No Returns Allowed?,Bonsai,Perennial,Both,Yes,1.0,Yes,Samarthgreens,,,,,,
"Ukanda ZZ Plant  (Hybrid, Pack of 1)",399,165,0.58,Small,No Returns Allowed?,Shrub,Perennial,Indoor,Yes,0.5,Yes,Ukanda,,,,,,
"FSK Coconut Plant  (Hybrid, Pack of 1)",499,196,0.6,Small,No Returns Allowed?,Fruit,Perennial,Both,No,1.0,Yes,FSK,,,,,,
"greenhousestore Lemon Plant  (Hybrid, Pack of 1)",599,120,0.79,Small,No Returns Allowed?,Fruit,Annual,Both,Yes,1.0,Yes,greenhousestore,,,,,,
"Aquinnah Banana Plant  (Hybrid, Pack of 1)",499,138,0.72,Small,No Returns Allowed?,Fruit,Annual,Both,Yes,1.0,Yes,Aquinnah,,,,,,
"greenhousestore Mango Plant  (Hybrid, Pack of 1)",599,160,0.73,Small,No Returns Allowed?,Fruit,Annual,Both,Yes,1.0,Yes,greenhousestore,,,,,,
"greenhousestore Black Pepper Plant  (Hybrid, Pack of 1)",499,125,0.74,Small,No Returns Allowed?,Fruit,Annual,Both,No,1.0,Yes,greenhousestore,,,,,,
"Cloud Farm Kiwi Plant  (Hybrid, Pack of 1)",499,125,0.74,Small,No Returns Allowed?,Fruit,Annual,Both,Yes,1.0,Yes,Cloud Farm,,,,,,
"greenhousestore Amla Plant  (Hybrid, Pack of 1)",499,122,0.75,Small,No Returns Allowed?,Fruit,Annual,Both,Yes,1.0,Yes,greenhousestore,,,,,,
"GHF Two Layer Bamboo Plant  (Hybrid, Pack of 1)",799,173,0.78,Small,No Returns Allowed?,Bamboo,Annual,Indoor,Yes,12.0,Yes,GHF,,,,,,
"AquinnahGaden Litchi Plant  (Hybrid, Pack of 1)",489,123,0.74,Medium,No Returns Allowed?,Fruit,Annual,Both,Yes,1.0,Yes,AquinnahGaden,,,,,,
"greenhousestore Shami/Jand Plant  (Hybrid, Pack of 1)",598,121,0.79,Small,No Returns Allowed?,Herb,Annual,Both,Yes,1.0,Yes,greenhousestore,,,,,,
AGAMI Two Layer Bamboo Plant  (Pack of 1),849,294,0.65,Small,No Returns Allowed?,Bamboo,Annual,Indoor,Yes,1.0,No,AGAMI,,,,,,
"PETALFLEUR Adenium Plant  (Hybrid, Pack of 2)",399,160,0.59,Small,No Returns Allowed?,Bonsai,Perennial,Both,Yes,1.0,Yes,PETALFLEUR,,,,,,
"Cloud Farm Adenium Plant  (Hybrid, Pack of 1)",499,135,0.72,Small,No Returns Allowed?,Bonsai,Perennial,Indoor,Yes,1.0,Yes,Cloud Farm,,,,,,
"EliteGreen Betel Nut/Supari Plant  (Hybrid, Pack of 1)",299,183,0.38,Medium,No Returns Allowed?,Fruit,Perennial,Both,No,0.5,Yes,EliteGreen,,,,,,
Nature House Snake Plant  (Pack of 1),349,182,0.47,Small,No Returns Allowed?,Foliage,Perennial,Both,No,1.0,No,Nature House,,,,,,
"greenhousestore Christmas Tree Plant  (Hybrid, Pack of 1)",599,126,0.78,Small,No Returns Allowed?,Foliage,Annual,Both,Yes,1.0,Yes,greenhousestore,,,,,,
"Ukanda Hibiscus Plant  (Hybrid, Pack of 1)",399,123,0.69,Small,No Returns Allowed?,Flower,Perennial,Both,Yes,0.5,Yes,Ukanda,,,,,,
"NATURE WISE YOU Spider Plant  (Hybrid, Pack of 1)",298,127,0.57,Small,No Returns Allowed?,Herb,Annual,Both,Yes,5.0,Yes,NATURE WISE YOU,,,,,,
"KUMUBON Amla Plant  (Hybrid, Pack of 1)",280,155,0.44,Small,No Returns Allowed?,Fruit,Perennial,Both,Yes,1.0,Yes,KUMUBON,,,,,,
"GreenHorizon Elaichi/Cardamom Plant  (Hybrid, Pack of 1)",305,119,0.6,Small,No Returns Allowed?,Herb,Biennial,Both,Yes,1.0,Yes,GreenHorizon,,,,,,
"Heaven Of Saplings Gummy Gardenia Plant  (Hybrid, Pack of 1)",399,158,0.6,Medium,No Returns Allowed?,Flower,Perennial,Both,Yes,1.0,Yes,Heaven Of Saplings,,,,,,
"PEEPALSFARM Betel Leaf Plant  (Hybrid, Pack of 1)",247,119,0.51,Small,No Returns Allowed?,Herb,Perennial,Both,Yes,1.0,Yes,PEEPALSFARM,,,,,,
"AloGardening ZZ Plant  (Hybrid, Pack of 1)",450,131,0.7,Small,No Returns Allowed?,Fruit,Perennial,Both,No,1.0,Yes,AloGardening,,,,,,
"greenhousestore Curry Leaf Plant  (Hybrid, Pack of 1)",439,119,0.72,Small,No Returns Allowed?,Herb,Perennial,Both,Yes,0.6,Yes,greenhousestore,,,,,,
"greenhousestore Walnut Plant  (Hybrid, Pack of 1)",599,126,0.78,Small,No Returns Allowed?,Fruit,Annual,Both,Yes,1.0,Yes,greenhousestore,,,,,,
"EVY Tea Plant  (Hybrid, Pack of 1)",399,126,0.68,Small,No Returns Allowed?,Fruit,Annual,Both,No,1.0,Yes,EVY,,,,,,
"Global Mart Plant Blackberry Lily Plant  (Hybrid, Pack of 1)",298,123,0.58,Small,No Returns Allowed?,Fruit,Annual,Both,Yes,1.0,Yes,Global Mart Plant,,,,,,
"Durga Green Garden Golden Champa Plant  (Hybrid, Pack of 1)",499,126,0.74,Small,No Returns Allowed?,Flower,Annual,Both,No,0.6,Yes,Durga Green Garden,,,,,,
"Grinian Bougainvillea Plant  (Hybrid, Pack of 1)",499,123,0.75,Small,No Returns Allowed?,Flower,Annual,Both,No,1.0,Yes,Grinian,,,,,,
"EVY Lily Plant  (Hybrid, Pack of 1)",389,161,0.58,Medium,No Returns Allowed?,Flower,Annual,Both,No,20.0,Yes,EVY,,,,,,
UGAOO Variegated Money Plant  (Pack of 1),445,299,0.32,Small,No Returns Allowed?,Shrub,Biennial,Indoor,No,1.0,No,UGAOO,,,,,,
"minatigreenhouse Walnut Plant  (Hybrid, Pack of 1)",399,137,0.65,Medium,No Returns Allowed?,Fruit,Perennial,Both,Yes,1.0,Yes,minatigreenhouse,,,,,,
"Cloud Farm Grapes Plant  (Hybrid, Pack of 1)",499,122,0.75,Small,No Returns Allowed?,Fruit,Perennial,Both,Yes,1.0,Yes,Cloud Farm,,,,,,
"greenhousestore Elaichi/Cardamom Plant  (Hybrid, Pack of 1)",599,125,0.79,Small,No Returns Allowed?,Herb,Annual,Both,Yes,1.0,Yes,greenhousestore,,,,,,
"Cloud Farm Ber Apple Plant  (Hybrid, Pack of 1)",499,129,0.74,Medium,No Returns Allowed?,Fruit,Perennial,Both,No,1.0,Yes,Cloud Farm,,,,,,
"greenhousestore Banana Plant  (Hybrid, Pack of 1)",499,119,0.76,Medium,No Returns Allowed?,Fruit,Annual,Both,Yes,1.0,Yes,greenhousestore,,,,,,
"Gabbro Two Layer Bamboo Plant, Jade Plant  (Hybrid, Pack of 2)",800,390,0.51,Small,No Returns Allowed?,Bamboo,Perennial,Both,Yes,4.0,Yes,Gabbro,,,,,,
"Click to buy Peace Lily Plant  (Hybrid, Pack of 1)",251,118,0.52,Small,No Returns Allowed?,Flower,Perennial,Both,No,1.0,Yes,Click to buy,,,,,,
LivePlant Calathea Plant  (Pack of 1),499,210,0.57,Medium,No Returns Allowed?,Succulent,Annual,Both,No,0.3,No,LivePlant,,,,,,
"Aquinnah Rose Plant  (Hybrid, Pack of 1)",425,122,0.71,Small,No Returns Allowed?,Flower,Annual,Both,Yes,0.2,Yes,Aquinnah,,,,,,
Samarthgreens Red Sandalwood Plant  (Pack of 1),399,142,0.64,Small,No Returns Allowed?,Shrub,Annual,Both,No,1.0,No,Samarthgreens,,,,,,
"Linaa Rubber Tree  (Hybrid, Pack of 1)",849,145,0.82,Small,No Returns Allowed?,Foliage,Annual,Both,Yes,1.0,Yes,Linaa,,,,,,
"Oxygreenplant Phoneix Palm Plant  (Hybrid, Pack of 1)",384,140,0.63,Small,No Returns Allowed?,Bonsai,Perennial,Indoor,No,1.0,Yes,Oxygreenplant,,,,,,
"JD DAS AND SONS PLANTS Gerbera Plant  (Hybrid, Pack of 1)",599,129,0.78,Small,No Returns Allowed?,Flower,Perennial,Both,Yes,1.0,Yes,JD DAS AND SONS PLANTS,,,,,,
"Cloud Farm Golden Champa Plant  (Hybrid, Pack of 1)",299,126,0.57,Small,No Returns Allowed?,Flower,Perennial,Both,No,1.0,Yes,Cloud Farm,,,,,,
"LaughEarth Ficus Bonsai  (Hybrid, Pack of 1)",499,126,0.74,Small,No Returns Allowed?,Bonsai,Perennial,Both,Yes,1.0,Yes,LaughEarth,,,,,,
"ABEFARIYA Mogra Flowering Plant, Jasmine Plant  (Hybrid, Pack of 1)",1200,133,0.88,Small,No Returns Allowed?,Flower,Perennial,Both,Yes,1.0,Yes,ABEFARIYA,,,,,,
"greenhousestore Hibiscus Plant  (Hybrid, Pack of 1)",599,125,0.79,Small,No Returns Allowed?,Flower,Annual,Both,Yes,1.0,Yes,greenhousestore,,,,,,
"JASSI FLORA Three Layer Bamboo Plant  (Hybrid, Pack of 1)",799,174,0.78,Medium,No Returns Allowed?,Bamboo,Biennial,Indoor,Yes,2.0,Yes,JASSI FLORA,,,,,,
"Oxygreenplant Elaichi/Cardamom Plant  (Hybrid, Pack of 1)",299,135,0.54,Small,No Returns Allowed?,Herb,Perennial,Both,No,1.0,Yes,Oxygreenplant,,,,,,
UGAOO Brazilian Wood  (Pack of 1),1999,599,0.7,Small,No Returns Allowed?,Bamboo,Annual,Indoor,Yes,1.0,No,UGAOO,,,,,,
"Farmplants Kalanchoe Plant  (Hybrid, Pack of 1)",449,145,0.67,Small,No Returns Allowed?,Flower,Annual,Indoor,No,1.0,Yes,Farmplants,,,,,,
"EVY Kiwi Plant  (Hybrid, Pack of 1)",499,139,0.72,Small,No Returns Allowed?,Fruit,Annual,Both,No,1.0,Yes,EVY,,,,,,
varnicrea Mini Brazalian wood  (Pack of 1),1200,125,0.89,Small,No Returns Allowed?,Bamboo,Annual,Indoor,Yes,2.0,No,varnicrea,,,,,,
Wavingleaf Jade Plant  (Pack of 1),295,127,0.56,Small,No Returns Allowed?,Succulent,Annual,Indoor,Yes,1.0,No,Wavingleaf,,,,,,
The Four Seasons Tillandsia Fuchsii Rare Air Plant  (Pack of 1),550,275,0.5,Medium,No Returns Allowed?,Succulent,Perennial,Both,Yes,1.0,No,The Four Seasons,,,,,,
"rimardmistu Strawberry Plant  (Hybrid, Pack of 1)",399,126,0.68,Medium,No Returns Allowed?,Fruit,Perennial,Both,Yes,1.0,Yes,rimardmistu,,,,,,
"greenhousestore Mango Plant  (Hybrid, Pack of 1)",599,128,0.78,Small,No Returns Allowed?,Fruit,Annual,Both,Yes,1.0,Yes,greenhousestore,,,,,,
RADHE SALES Mini Brazalian wood  (Pack of 1),1399,129,0.9,Small,No Returns Allowed?,Bamboo,Annual,Indoor,Yes,2.0,No,RADHE SALES,,,,,,
"Growerstore Madhu Kamini Plant  (Hybrid, Pack of 1)",399,127,0.68,Medium,No Returns Allowed?,Air purifier plant,Annual,Both,No,0.3,Yes,Growerstore,,,,,,
"PB honey priya plant Grapes Plant  (Hybrid, Pack of 1)",499,128,0.74,Small,No Returns Allowed?,Fruit,Perennial,Both,Yes,1.0,Yes,PB honey priya plant,,,,,,
"My Dream Nursery Two Layer Bamboo Plant  (Hybrid, Pack of 1)",349,163,0.53,Small,No Returns Allowed?,Bamboo,Annual,Both,Yes,1.0,Yes,My Dream Nursery,,,,,,
"Unisam Bel patra plant Pot Bel Plant  (Hybrid, Pack of 1)",788,132,0.83,Small,No Returns Allowed?,Tree,Perennial,Both,Yes,1.0,Yes,Unisam Bel patra plant Pot,,,,,,
"AloGardening Chrysanthemums/ Guldavari Plant  (Hybrid, Pack of 1)",449,140,0.68,Small,No Returns Allowed?,Flower,Perennial,Both,No,1.0,Yes,AloGardening,,,,,,
"PLANTTOOZS Ficus Bonsai  (Hybrid, Pack of 1)",749,130,0.82,Small,No Returns Allowed?,Bonsai,Perennial,Both,Yes,1.0,Yes,PLANTTOOZS,,,,,,
"greenhousestore Strawberry Plant  (Hybrid, Pack of 2)",494,129,0.73,Medium,No Returns Allowed?,Fruit,Annual,Both,Yes,1.0,Yes,greenhousestore,,,,,,
"RoyalTree Rose Plant  (Hybrid, Pack of 1)",499,155,0.68,Small,No Returns Allowed?,Flower,Perennial,Both,No,1.0,Yes,RoyalTree,,,,,,
UGAOO Haworthia Cactus  (Pack of 1),349,239,0.31,Small,No Returns Allowed?,Shrub,Annual,Indoor,No,1.0,No,UGAOO,,,,,,
"TECNOFEX Money Plant, Bamboo Palm Plant, Lucky Bamboo Straight Stick  (Hybrid, Pack of 1)",999,129,0.87,Medium,No Returns Allowed?,Bamboo,Perennial,Both,Yes,10.0,Yes,TECNOFEX,,,,,,
"Majumder Enterprise Bougainvillea Plant  (Hybrid, Pack of 1)",799,128,0.83,Medium,No Returns Allowed?,Flower,Annual,Both,No,1.0,Yes,Majumder Enterprise,,,,,,
BRAZILIAN WOOD TREE Mini Brazalian wood  (Pack of 1),766,128,0.83,Small,No Returns Allowed?,Bamboo,Annual,Indoor,Yes,2.0,No,BRAZILIAN WOOD TREE,,,,,,
"Growerstore Madhu Kamini Plant  (Hybrid, Pack of 1)",399,126,0.68,Medium,No Returns Allowed?,Air purifier plant,Annual,Both,No,0.6,Yes,Growerstore,,,,,,
"EVY Ashwagandha/Indian Ginseng  (Hybrid, Pack of 1)",499,139,0.72,Medium,No Returns Allowed?,Herb,Annual,Both,No,10.0,Yes,EVY,,,,,,
"LaughEarth Areca Palm  (Hybrid, Pack of 1)",499,160,0.67,Small,No Returns Allowed?,Bamboo,Perennial,Both,Yes,1.0,Yes,LaughEarth,,,,,,
"PlantsHub Peace Lily Plant  (Hybrid, Pack of 1)",499,135,0.72,Small,No Returns Allowed?,Tree,Annual,Indoor,No,1.0,Yes,PlantsHub,,,,,,
"FSK Aparajita/ Butterfly Pea Plant  (Hybrid, Pack of 2)",419,124,0.7,Small,No Returns Allowed?,Flower,Annual,Both,No,3.0,Yes,FSK,,,,,,
"greenhousestore Ber Apple Plant  (Hybrid, Pack of 1)",499,127,0.74,Small,No Returns Allowed?,Fruit,Biennial,Both,Yes,1.0,Yes,greenhousestore,,,,,,
"FSK Rose Plant  (Hybrid, Pack of 1)",499,132,0.73,Medium,No Returns Allowed?,Flower,Annual,Both,No,1.0,Yes,FSK,,,,,,
"Cloud Farm Baugainvillea Plant  (Hybrid, Pack of 1)",199,127,0.36,Small,No Returns Allowed?,Flower,Perennial,Both,No,1.0,Yes,Cloud Farm,,,,,,
"ToGon Rose Plant  (Hybrid, Pack of 4)",399,140,0.64,Medium,No Returns Allowed?,Flower,Perennial,Both,No,1.0,Yes,ToGon,,,,,,
"greenhousestore Areca Palm  (Hybrid, Pack of 1)",350,120,0.65,Small,No Returns Allowed?,Bonsai,Perennial,Both,No,1.0,Yes,greenhousestore,,,,,,
"Cloud Farm Rose Plant  (Hybrid, Pack of 1)",499,122,0.75,Small,No Returns Allowed?,Flower,Perennial,Both,Yes,1.0,Yes,Cloud Farm,,,,,,
"AloGardening Christmas Tree Plant  (Hybrid, Pack of 1)",400,153,0.61,Small,No Returns Allowed?,Succulent,Perennial,Both,Yes,0.2,Yes,AloGardening,,,,,,
"Krishna All Time Grafted Mango Plant  (Hybrid, Pack of 1)",386,125,0.67,Small,No Returns Allowed?,Fruit,Annual,Both,Yes,1.0,Yes,Krishna All Time Grafted,,,,,,
"greenhousestore Bougainvillea Plant  (Hybrid, Pack of 1)",599,130,0.78,Small,No Returns Allowed?,Flower,Annual,Both,Yes,1.0,Yes,greenhousestore,,,,,,
UGAOO Golden Money Plant  (Pack of 1),449,249,0.44,Small,No Returns Allowed?,Shrub,Biennial,Indoor,No,1.0,No,UGAOO,,,,,,
"GLOBQRO Grape Plant  (Hybrid, Pack of 1)",1500,125,0.91,Small,No Returns Allowed?,Fruit,Perennial,Both,Yes,1.0,Yes,GLOBQRO,,,,,,
"AquinnahGaden Baugainvillea Plant  (Hybrid, Pack of 1)",489,128,0.73,Medium,No Returns Allowed?,Flower,Annual,Both,Yes,1.0,Yes,AquinnahGaden,,,,,,
"FSK China Palm Plant  (Hybrid, Pack of 1)",399,147,0.63,Small,No Returns Allowed?,Bamboo,Perennial,Both,No,1.0,Yes,FSK,,,,,,
UGAOO Chlorophytum Spider Plant  (Pack of 1),349,219,0.37,Small,No Returns Allowed?,Shrub,Annual,Indoor,No,1.0,No,UGAOO,,,,,,
"Risenshine Jade Plant  (Hybrid, Pack of 1)",599,125,0.79,Small,No Returns Allowed?,Foliage,Perennial,Both,No,1.0,Yes,Risenshine,,,,,,
"Samarthgreens Tuberose/Rajnigandha Plant  (Hybrid, Pack of 1)",699,118,0.83,Small,No Returns Allowed?,Flower,Perennial,Both,No,1.0,Yes,Samarthgreens,,,,,,
"greenhousestore Litchi Plant  (Hybrid, Pack of 1)",442,127,0.71,Medium,No Returns Allowed?,Fruit,Perennial,Both,Yes,1.0,Yes,greenhousestore,,,,,,
Cloud Farm Areca Plam  (Pack of 1),499,135,0.72,Small,No Returns Allowed?,Shrub,Annual,Indoor,No,1.0,No,Cloud Farm,,,,,,
"EarthAngel Neem Plant  (Hybrid, Pack of 1)",499,126,0.74,Small,No Returns Allowed?,Fruit,Perennial,Both,Yes,0.5,Yes,EarthAngel,,,,,,
"Agriclons and nusary Bryophyllum Pinnatum/Patharchatta Plant  (Hybrid, Pack of 1)",499,125,0.74,Small,No Returns Allowed?,Herb,Annual,Both,No,0.6,Yes,Agriclons and nusary,,,,,,
"PLANTTOOZS Elaichi/Cardamom Plant  (Hybrid, Pack of 1)",499,122,0.75,Small,No Returns Allowed?,Herb,Perennial,Both,Yes,1.0,Yes,PLANTTOOZS,,,,,,
"Laxmi kamal plant Laxmi Kamal Plant  (Hybrid, Pack of 2)",890,144,0.83,Medium,No Returns Allowed?,Succulent,Annual,Both,Yes,1.0,Yes,Laxmi kamal plant,,,,,,
"LaughEarth Peace Lily Plant  (Hybrid, Pack of 1)",499,135,0.72,Medium,No Returns Allowed?,Flower,Perennial,Both,No,1.0,Yes,LaughEarth,,,,,,
"MIDNIGHT MORNING Rose Plant  (Hybrid, Pack of 1)",399,122,0.69,Medium,No Returns Allowed?,Flower,Perennial,Both,No,1.0,Yes,MIDNIGHT MORNING,,,,,,
"Tigress Tulsi Plant  (Hybrid, Pack of 1)",190,135,0.28,Medium,No Returns Allowed?,Flower,Annual,Both,No,1.0,Yes,Tigress,,,,,,
"JESAA GREENS Jade Plant, Money Plant, Snake Plant, Two Layer Bamboo Plant, Syngonium Bronze Maria Plant  (Pack of 5)",1599,749,0.53,Small,No Returns Allowed?,Bamboo,Annual,Indoor,No,2.0,No,JESAA GREENS,,,,,,
MAHAMAYA A TO Z Water Pennywort  (Pack of 2),1033,139,0.86,Small,No Returns Allowed?,Herb,Annual,Both,Yes,1.0,No,MAHAMAYA A TO Z,,,,,,
"greenhousestore Grapes Plant  (Hybrid, Pack of 1)",599,127,0.78,Small,No Returns Allowed?,Fruit,Annual,Both,Yes,1.0,Yes,greenhousestore,,,,,,
"Gabbro Jade Plant  (Hybrid, Pack of 1)",699,199,0.71,Medium,No Returns Allowed?,Succulent,Perennial,Both,Yes,10.0,Yes,Gabbro,,,,,,
"Axotic Diamond Grafted Apple Plant  (Hybrid, Pack of 1)",349,122,0.65,Medium,No Returns Allowed?,Fruit,Annual,Both,Yes,1.0,Yes,Axotic Diamond Grafted,,,,,,
"Global Mart Plant Bougainvillea Plant  (Hybrid, Pack of 1)",399,157,0.6,Medium,No Returns Allowed?,Flower,Perennial,Both,Yes,1.0,Yes,Global Mart Plant,,,,,,
Risenshine Bryophyllum Pinnatum/Patharchatta Plant  (Pack of 1),599,113,0.81,Medium,No Returns Allowed?,Shrub,Perennial,Both,Yes,1.0,No,Risenshine,,,,,,
"greenhousestore Bougainvillea Plant  (Hybrid, Pack of 1)",599,125,0.79,Small,No Returns Allowed?,Shrub,Annual,Both,Yes,1.0,Yes,greenhousestore,,,,,,
UGAOO Golden Money Plant  (Pack of 1),349,189,0.45,Small,No Returns Allowed?,Shrub,Annual,Indoor,No,1.0,No,UGAOO,,,,,,
"bhowmick Areca Palm  (Hybrid, Pack of 1)",599,169,0.71,Medium,No Returns Allowed?,Tree,Perennial,Both,No,1.0,Yes,bhowmick,,,,,,
HARIGURU All Spice Plant  (Pack of 1),299,185,0.38,Medium,No Returns Allowed?,Herb,Biennial,Both,No,0.5,No,HARIGURU,,,,,,
"AloGardening Adenium Plant  (Hybrid, Pack of 2)",489,189,0.61,Small,No Returns Allowed?,Flower,Perennial,Both,No,1.0,Yes,AloGardening,,,,,,
"Mohomaya Sweet Lemon Plant  (Hybrid, Pack of 1)",299,115,0.61,Small,No Returns Allowed?,Fruit,Annual,Both,Yes,1.0,Yes,Mohomaya,,,,,,
"bhowmick Baugainvillea Plant  (Hybrid, Pack of 1)",499,134,0.73,Medium,No Returns Allowed?,Flower,Perennial,Both,No,1.0,Yes,bhowmick,,,,,,
"My Dream Nursery Black Pepper Plant  (Hybrid, Pack of 1)",200,149,0.25,Small,No Returns Allowed?,Fruit,Perennial,Both,Yes,1.0,Yes,My Dream Nursery,,,,,,
"AloGardening Adenium Plant  (Hybrid, Pack of 6)",789,270,0.65,Small,No Returns Allowed?,Flower,Perennial,Both,No,1.0,Yes,AloGardening,,,,,,
"RudraECOM Hibiscus Plant  (Hybrid, Pack of 1)",499,125,0.74,Medium,No Returns Allowed?,Flower,Perennial,Both,Yes,0.2,Yes,RudraECOM,,,,,,
"MAHAMAYA A TO Z Mimosa pudica Plant  (Hybrid, Pack of 1)",1000,143,0.85,Small,No Returns Allowed?,Herb,Perennial,Both,Yes,1.0,Yes,MAHAMAYA A TO Z,,,,,,
"Aquinnah Almond Plant  (Hybrid, Pack of 1)",499,159,0.68,Small,No Returns Allowed?,Fruit,Annual,Both,Yes,1.0,Yes,Aquinnah,,,,,,
"Gabbro Two Layer Bamboo Plant  (Hybrid, Pack of 1)",999,299,0.7,Medium,No Returns Allowed?,Bamboo,Perennial,Indoor,Yes,10.0,Yes,Gabbro,,,,,,
"Heaven Of Saplings Areca Palm  (Hybrid, Pack of 1)",200,135,0.32,Small,No Returns Allowed?,Bamboo,Perennial,Both,Yes,0.6,Yes,Heaven Of Saplings,,,,,,
"SKDIYA Cherry Fruit Plant  (Hybrid, Pack of 1)",595,137,0.76,Small,No Returns Allowed?,Fruit,Perennial,Both,No,1.0,Yes,SKDIYA,,,,,,
UGAOO Peace Lily Plant  (Pack of 1),599,299,0.5,Small,No Returns Allowed?,Shrub,Biennial,Indoor,No,1.0,No,UGAOO,,,,,,
ZOOMGREEN Areca Palm  (Pack of 1),499,129,0.74,Medium,No Returns Allowed?,Bonsai,Annual,Indoor,No,1.0,No,ZOOMGREEN,,,,,,
ADA Shami/Jand Plant  (Pack of 1),449,125,0.72,Medium,No Returns Allowed?,Tree,Perennial,Both,No,1.0,No,ADA,,,,,,
"Green view Coconut Plant  (Hybrid, Pack of 1)",425,275,0.35,Small,No Returns Allowed?,Fruit,Perennial,Both,No,1.0,Yes,Green view,,,,,,
PlantsBazaar Rubber Tree  (Pack of 1),499,145,0.7,Small,No Returns Allowed?,Foliage,Perennial,Indoor,No,1.0,No,PlantsBazaar,,,,,,
"SANJU Strawberry Plant  (Hybrid, Pack of 1)",299,119,0.6,Small,No Returns Allowed?,Fruit,Annual,Both,No,1.0,Yes,SANJU,,,,,,
"Aquinnah Graden Pistachio Plant  (Hybrid, Pack of 1)",489,145,0.7,Small,No Returns Allowed?,Fruit,Annual,Both,Yes,1.0,Yes,Aquinnah Graden,,,,,,
"sspykrts Clove Plant  (Hybrid, Pack of 3)",599,126,0.78,Small,No Returns Allowed?,Tree,Annual,Both,No,1.0,Yes,sspykrts,,,,,,
"Ukanda Bay Leaf Plant  (Hybrid, Pack of 1)",299,124,0.58,Small,No Returns Allowed?,Herb,Perennial,Both,Yes,1.0,Yes,Ukanda,,,,,,
"Green view Coconut Plant  (Hybrid, Pack of 1)",625,298,0.52,Small,No Returns Allowed?,Fruit,Perennial,Both,No,1.0,Yes,Green view,,,,,,
PLANTTOOZS Red Sandalwood Plant  (Pack of 1),625,122,0.8,Small,No Returns Allowed?,Shrub,Annual,Both,No,1.0,No,PLANTTOOZS,,,,,,
"Aquinnah Banana Plant  (Hybrid, Pack of 1)",499,141,0.71,Small,No Returns Allowed?,Fruit,Annual,Both,Yes,1.0,Yes,Aquinnah,,,,,,
"Green view Coconut Plant  (Hybrid, Pack of 1)",419,289,0.31,Small,No Returns Allowed?,Fruit,Perennial,Both,No,1.0,Yes,Green view,,,,,,
"Cloud Farm Grapes Plant  (Hybrid, Pack of 2)",499,135,0.72,Small,No Returns Allowed?,Fruit,Perennial,Both,No,1.0,Yes,Cloud Farm,,,,,,
"Global Mart Plant Cannon Ball Tree Plant  (Hybrid, Pack of 1)",399,125,0.68,Small,No Returns Allowed?,Fruit,Annual,Both,Yes,1.0,Yes,Global Mart Plant,,,,,,
"AloGardening Adenium Plant  (Hybrid, Pack of 2)",489,189,0.61,Small,No Returns Allowed?,Flower,Perennial,Both,No,1.0,Yes,AloGardening,,,,,,
"Green view Coconut Plant  (Hybrid, Pack of 1)",449,271,0.39,Small,No Returns Allowed?,Fruit,Perennial,Both,No,1.0,Yes,Green view,,,,,,
Ukaanda Money Plant  (Pack of 1),399,127,0.68,Small,No Returns Allowed?,Foliage,Annual,Both,Yes,1.0,No,Ukaanda,,,,,,
"greenhousestore Christmas Tree Plant  (Hybrid, Pack of 1)",596,126,0.78,Small,No Returns Allowed?,Succulent,Annual,Both,Yes,1.0,Yes,greenhousestore,,,,,,
"Cloud Farm Money Plant  (Hybrid, Pack of 1)",499,130,0.73,Medium,No Returns Allowed?,Air purifier plant,Perennial,Indoor,No,1.0,Yes,Cloud Farm,,,,,,
"Phoolistan Ficus Plant  (Hybrid, Pack of 1)",499,130,0.73,Small,No Returns Allowed?,Bonsai,Annual,Indoor,No,1.0,Yes,Phoolistan,,,,,,
"greenhousestore Litchi Plant  (Hybrid, Pack of 1)",599,126,0.78,Small,No Returns Allowed?,Fruit,Annual,Both,Yes,1.0,Yes,greenhousestore,,,,,,
"PB HONEY PRIYA PLaNTS Bluebell barleria Plant  (Hybrid, Pack of 1)",299,166,0.44,Medium,No Returns Allowed?,Fruit,Annual,Both,Yes,1.0,Yes,PB HONEY PRIYA PLaNTS,,,,,,
UGAOO Golden Sedum Plant  (Pack of 1),349,199,0.42,Small,No Returns Allowed?,Shrub,Annual,Indoor,No,1.0,No,UGAOO,,,,,,
"GLOBQRO Begonia Vanusta Plant  (Hybrid, Pack of 1)",499,150,0.69,Small,No Returns Allowed?,Flower,Perennial,Both,Yes,1.0,Yes,GLOBQRO,,,,,,
greengrow Shami/Jand Plant  (Pack of 1),299,127,0.57,Small,No Returns Allowed?,Foliage,Annual,Both,Yes,1.0,No,greengrow,,,,,,
"AloGardening Basmati Plant  (Hybrid, Pack of 1)",449,178,0.6,Small,No Returns Allowed?,Herb,Perennial,Both,No,1.0,Yes,AloGardening,,,,,,
"Cloud Farm Bougainvillea Plant  (Hybrid, Pack of 1)",499,135,0.72,Small,No Returns Allowed?,Flower,Annual,Both,Yes,1.0,Yes,Cloud Farm,,,,,,
"YourPlant Adenium Plant  (Hybrid, Pack of 2)",649,145,0.77,Small,No Returns Allowed?,Bonsai,Annual,Both,No,1.0,Yes,YourPlant,,,,,,
"PLANTGENIC NATURE White Sandalwood Plant  (Hybrid, Pack of 1)",320,121,0.62,Small,No Returns Allowed?,Succulent,Annual,Both,Yes,15.0,Yes,PLANTGENIC NATURE,,,,,,
GreenHorizon Bryophyllum Pinnatum/Patharchatta Plant  (Pack of 1),366,134,0.63,Small,No Returns Allowed?,Herb,Perennial,Both,No,0.0,No,GreenHorizon,,,,,,
"greenhousestore Curry Leaf Plant  (Hybrid, Pack of 1)",399,134,0.66,Medium,No Returns Allowed?,Herb,Perennial,Both,Yes,1.0,Yes,greenhousestore,,,,,,
"Cloud Farm Coconut Plant  (Hybrid, Pack of 1)",499,150,0.69,Medium,No Returns Allowed?,Fruit,Annual,Both,Yes,1.0,Yes,Cloud Farm,,,,,,
"ibains Mini Brazalian wood  (Hybrid, Pack of 1)",499,237,0.52,Large,No Returns Allowed?,Bonsai,Annual,Indoor,Yes,1.0,Yes,ibains,,,,,,
"Natural needs Adenium Plant  (Hybrid, Pack of 1)",499,126,0.74,Medium,No Returns Allowed?,Succulent,Annual,Both,Yes,1.0,Yes,Natural needs,,,,,,
"LaughEarth Bougainvillea Plant  (Hybrid, Pack of 1)",499,139,0.72,Small,No Returns Allowed?,Flower,Perennial,Both,No,1.0,Yes,LaughEarth,,,,,,
"LaughEarth Hibiscus Plant  (Hybrid, Pack of 1)",299,171,0.42,Medium,No Returns Allowed?,Flower,Perennial,Both,Yes,1.0,Yes,LaughEarth,,,,,,
"LivePlant Money Plant  (Hybrid, Pack of 1)",300,113,0.62,Small,No Returns Allowed?,Foliage,Perennial,Indoor,Yes,1.0,Yes,LivePlant,,,,,,
Leafyjoy Brazilian Wood  (Pack of 1),346,165,0.52,Medium,No Returns Allowed?,Air purifier plant,Annual,Indoor,Yes,3.0,No,Leafyjoy,,,,,,
"AquinnahGaden Brahma Kamal Plant  (Hybrid, Pack of 1)",489,158,0.67,Medium,No Returns Allowed?,Flower,Annual,Both,Yes,1.0,Yes,AquinnahGaden,,,,,,
"greenhousestore Orange Plant  (Hybrid, Pack of 1)",599,120,0.79,Small,No Returns Allowed?,Fruit,Annual,Both,Yes,1.0,Yes,greenhousestore,,,,,,
"Cloud Farm Dragon Tree  (Hybrid, Pack of 5)",399,136,0.65,Small,No Returns Allowed?,Fruit,Perennial,Both,No,1.0,Yes,Cloud Farm,,,,,,
"KAVARI ENTERPRISE Rose Plant  (Hybrid, Pack of 1)",499,155,0.68,Small,No Returns Allowed?,Flower,Annual,Both,No,1.0,Yes,KAVARI ENTERPRISE,,,,,,
"Cloud Farm Chiku Plant  (Hybrid, Pack of 1)",199,126,0.36,Small,No Returns Allowed?,Fruit,Perennial,Both,No,1.0,Yes,Cloud Farm,,,,,,
"greenhousestore Adenium Plant  (Hybrid, Pack of 1)",599,135,0.77,Small,No Returns Allowed?,Bonsai,Annual,Both,Yes,1.0,Yes,greenhousestore,,,,,,
"Cloud Farm Betel Leaf Plant  (Hybrid, Pack of 1)",499,127,0.74,Medium,No Returns Allowed?,Herb,Perennial,Both,No,1.0,Yes,Cloud Farm,,,,,,
"Risenshine Adenium Plant  (Hybrid, Pack of 1)",499,127,0.74,Small,No Returns Allowed?,Flower,Perennial,Both,No,1.0,Yes,Risenshine,,,,,,
"TAWZIX Money Plant  (Hybrid, Pack of 1)",699,125,0.82,Small,No Returns Allowed?,Bonsai,Annual,Indoor,Yes,2.0,Yes,TAWZIX,,,,,,
"EarthAngel Snake Plant  (Hybrid, Pack of 1)",499,163,0.67,Small,No Returns Allowed?,Foliage,Annual,Both,Yes,0.5,Yes,EarthAngel,,,,,,
"Aziz Gazi Nursery Dragon Tree  (Hybrid, Pack of 1)",399,128,0.67,Small,No Returns Allowed?,Fruit,Biennial,Indoor,Yes,1.0,Yes,Aziz Gazi Nursery,,,,,,
"Medhi Snake Plant  (Hybrid, Pack of 1)",499,139,0.72,Small,No Returns Allowed?,Foliage,Perennial,Both,Yes,1.0,Yes,Medhi,,,,,,
"greenhousestore Ficus Bonsai  (Hybrid, Pack of 1)",499,155,0.68,Small,No Returns Allowed?,Bonsai,Annual,Both,Yes,1.0,Yes,greenhousestore,,,,,,
"Saeedia plant hub Acanthocerous Tetragonous Mons Variegated Fairy Castle Plant  (Hybrid, Pack of 1)",2999,288,0.9,Small,No Returns Allowed?,Bamboo,Annual,Both,No,1.0,Yes,Saeedia plant hub,,,,,,
"AGRAWBIC Two Layer Bamboo Plant  (Hybrid, Pack of 1)",498,180,0.63,Small,No Returns Allowed?,Bamboo,Perennial,Both,Yes,1.0,Yes,AGRAWBIC,,,,,,
Broken heart plant Broken Heart Plant  (Pack of 1),299,155,0.48,Small,No Returns Allowed?,Tree,Annual,Both,No,1.0,No,Broken heart plant,,,,,,
"Plant Paradise Rudraksha Plant  (Hybrid, Pack of 1)",299,143,0.52,Medium,No Returns Allowed?,Fruit,Perennial,Both,No,1.0,Yes,Plant Paradise,,,,,,
"Gardanglow Marsh Barbel Plant  (Hybrid, Pack of 1)",570,135,0.76,Small,No Returns Allowed?,Succulent,Annual,Both,Yes,1.0,Yes,Gardanglow,,,,,,
"greenhousestore Baugainvillea Plant  (Hybrid, Pack of 1)",599,129,0.78,Small,No Returns Allowed?,Flower,Annual,Both,Yes,1.0,Yes,greenhousestore,,,,,,
"Flora Solutions Money Plant  (Hybrid, Pack of 2)",599,199,0.66,Small,No Returns Allowed?,Bamboo,Annual,Both,Yes,3.0,Yes,Flora Solutions,,,,,,
"HouseOfCommon Orange Plant  (Hybrid, Pack of 1)",399,120,0.69,Small,No Returns Allowed?,Fruit,Annual,Both,Yes,2.0,Yes,HouseOfCommon,,,,,,
"Real Nature Three Layer Bamboo Plant  (Hybrid, Pack of 1)",659,449,0.31,Small,No Returns Allowed?,Bamboo,Annual,Indoor,Yes,1.0,Yes,Real Nature,,,,,,
"greenhousestore Star Fruit Carambola Grafted Plant  (Hybrid, Pack of 1)",499,139,0.72,Medium,No Returns Allowed?,Fruit,Annual,Both,Yes,1.0,Yes,greenhousestore,,,,,,
"Real Nature Three Layer Bamboo Plant  (Hybrid, Pack of 1)",659,449,0.31,Small,No Returns Allowed?,Bamboo,Annual,Indoor,Yes,1.0,Yes,Real Nature,,,,,,
"PB honey priya plant Bottle Gourd  (Hybrid, Pack of 35)",294,113,0.61,Small,No Returns Allowed?,Vegetable,Perennial,Both,No,1.0,Yes,PB honey priya plant,,,,,,
"Oxygreenplant Shahtoot/Mulberry Plant  (Hybrid, Pack of 1)",399,126,0.68,Small,No Returns Allowed?,Fruit,Perennial,Both,Yes,1.0,Yes,Oxygreenplant,,,,,,
"Ukanda Canna Lily Plant  (Hybrid, Pack of 1)",399,148,0.62,Small,No Returns Allowed?,Flower,Biennial,Indoor,Yes,0.5,Yes,Ukanda,,,,,,
"LaughEarth Hibiscus Plant  (Hybrid, Pack of 3)",379,134,0.64,Medium,No Returns Allowed?,Flower,Perennial,Outdoor,No,1.0,Yes,LaughEarth,,,,,,
"Real Nature Lucky Bamboo Plant  (Hybrid, Pack of 1)",549,296,0.46,Small,No Returns Allowed?,Bamboo,Perennial,Indoor,Yes,1.0,Yes,Real Nature,,,,,,
"greenhousestore Mint Plant  (Hybrid, Pack of 1)",399,126,0.68,Small,No Returns Allowed?,Herb,Perennial,Both,Yes,0.6,Yes,greenhousestore,,,,,,
"JESAA GREENS Money Plant, Bamboo Palm Plant  (Pack of 2)",1599,452,0.71,Small,No Returns Allowed?,Bamboo,Annual,Indoor,No,2.0,No,JESAA GREENS,,,,,,
"GREENSEE Orchid Plant  (Hybrid, Pack of 4)",359,130,0.63,Medium,No Returns Allowed?,Flower,Biennial,Both,No,0.3,Yes,GREENSEE,,,,,,
"Cloud Farm Betal Leaf Plant  (Hybrid, Pack of 1)",499,122,0.75,Small,No Returns Allowed?,Herb,Perennial,Both,No,1.0,Yes,Cloud Farm,,,,,,
"Aquinnah Betel Leaf Plant  (Hybrid, Pack of 1)",499,135,0.72,Small,No Returns Allowed?,Herb,Annual,Both,Yes,1.0,Yes,Aquinnah,,,,,,
"THE BHOWMICK Mango Plant  (Hybrid, Pack of 1)",299,125,0.58,Small,No Returns Allowed?,Fruit,Perennial,Both,Yes,1.0,Yes,THE BHOWMICK,,,,,,
"K.K.Enterprise Lemon Plant  (Hybrid, Pack of 1)",363,120,0.66,Small,No Returns Allowed?,Fruit,Annual,Both,Yes,1.0,Yes,K.K.Enterprise,,,,,,
"Zomoloco Adenium Plant  (Hybrid, Pack of 1)",399,199,0.5,Small,No Returns Allowed?,Flower,Perennial,Both,No,1.0,Yes,Zomoloco,,,,,,
"Gaingreen Chiku Plant  (Hybrid, Pack of 1)",699,120,0.82,Small,No Returns Allowed?,Fruit,Perennial,Both,No,1.0,Yes,Gaingreen,,,,,,
Kyari Money Plant  (Pack of 1),499,121,0.75,Small,No Returns Allowed?,Foliage,Biennial,Indoor,No,1.0,No,Kyari,,,,,,
"saraswati traders ZZ Plant  (Hybrid, Pack of 1)",549,135,0.75,Small,No Returns Allowed?,Fruit,Biennial,Both,Yes,1.0,Yes,saraswati traders,,,,,,
"GROSSAMER Lotus Plant, Syngonium Bronze Maria Plant  (Pack of 40)",999,149,0.85,Medium,No Returns Allowed?,Flower,Annual,Both,No,1.0,No,GROSSAMER,,,,,,
"PlantShop Orange Plant  (Hybrid, Pack of 1)",399,118,0.7,Medium,No Returns Allowed?,Fruit,Annual,Both,No,1.0,Yes,PlantShop,,,,,,
"Grinian Aloe Vera Plant  (Hybrid, Pack of 1)",599,122,0.79,Small,No Returns Allowed?,Herb,Annual,Both,No,1.0,Yes,Grinian,,,,,,
"greenhousestore Avocado Plant  (Hybrid, Pack of 1)",599,115,0.8,Small,No Returns Allowed?,Fruit,Annual,Both,Yes,1.0,Yes,greenhousestore,,,,,,
"FSK Hibiscus Plant  (Hybrid, Pack of 1)",418,109,0.73,Small,No Returns Allowed?,Flower,Annual,Both,No,1.0,Yes,FSK,,,,,,
"greenhousestore Rose Plant  (Hybrid, Pack of 1)",599,122,0.79,Small,No Returns Allowed?,Flower,Annual,Both,Yes,1.0,Yes,greenhousestore,,,,,,
"Tha live root vishnu kamal Furkeria Succulent Plant  (Hybrid, Pack of 1)",590,162,0.72,Small,No Returns Allowed?,Succulent,Annual,Both,Yes,1.0,Yes,Tha live root vishnu kamal,,,,,,
"greenhousestore Rose Plant  (Hybrid, Pack of 3)",598,138,0.76,Small,No Returns Allowed?,Flower,Annual,Both,Yes,1.0,Yes,greenhousestore,,,,,,
"AloGardening Serissa Hedge Plant  (Hybrid, Pack of 1)",399,136,0.65,Small,No Returns Allowed?,Herb,Perennial,Both,No,1.0,Yes,AloGardening,,,,,,
"Hug A Plant Cocoa Plant  (Hybrid, Pack of 1)",799,399,0.5,Small,No Returns Allowed?,Fruit,Perennial,Both,No,1.0,Yes,Hug A Plant,,,,,,
"My Dream Nursery Kiwi Plant  (Hybrid, Pack of 1)",259,199,0.23,Small,No Returns Allowed?,Fruit,Annual,Both,Yes,1.0,Yes,My Dream Nursery,,,,,,
"greenhousestore Chiku Plant  (Hybrid, Pack of 1)",599,127,0.78,Small,No Returns Allowed?,Fruit,Annual,Both,Yes,1.0,Yes,greenhousestore,,,,,,
"NiMoj Two Layer Bamboo Plant, Lucky Bamboo Straight Stick, Veld Grape Plant  (Hybrid, Pack of 1)",499,242,0.51,Small,No Returns Allowed?,Bamboo,Annual,Both,Yes,10.0,Yes,NiMoj,,,,,,
"ATIKNAM Mini Brazalian wood  (Hybrid, Pack of 1)",599,128,0.78,Medium,No Returns Allowed?,Flower,Annual,Indoor,No,1.0,Yes,ATIKNAM,,,,,,
"L BRAZILIAN LUCKY WOOD PLANT Basil Plant  (Hybrid, Pack of 1)",599,134,0.77,Small,No Returns Allowed?,Air purifier plant,Perennial,Indoor,No,1.0,Yes,L BRAZILIAN LUCKY WOOD PLANT,,,,,,
"greenhousestore Kiwi Plant  (Hybrid, Pack of 1)",599,126,0.78,Small,No Returns Allowed?,Fruit,Annual,Both,Yes,1.0,Yes,greenhousestore,,,,,,
UGAOO Christmas Cactus Plant  (Pack of 1),349,199,0.42,Small,No Returns Allowed?,Shrub,Annual,Indoor,No,1.0,No,UGAOO,,,,,,
"GeenLk Golden Money Plant  (Hybrid, Pack of 1)",299,170,0.43,Small,No Returns Allowed?,Bamboo,Annual,Indoor,Yes,12.0,Yes,GeenLk,,,,,,
"Elanthalir Table Palm Plant  (Hybrid, Pack of 1)",299,142,0.52,Small,No Returns Allowed?,Bonsai,Perennial,Both,No,1.0,Yes,Elanthalir,,,,,,
"Samarthgreens Strawberry Plant  (Hybrid, Pack of 1)",600,121,0.79,Small,No Returns Allowed?,Fruit,Annual,Both,Yes,1.0,Yes,Samarthgreens,,,,,,
"SKDIYA Cherry Fruit Plant  (Hybrid, Pack of 1)",595,137,0.76,Small,No Returns Allowed?,Fruit,Perennial,Both,No,1.0,Yes,SKDIYA,,,,,,
UGAOO Golden Aralia Plant  (Pack of 1),349,199,0.42,Small,No Returns Allowed?,Shrub,Annual,Indoor,No,1.0,No,UGAOO,,,,,,
"GHF Two Layer Bamboo Plant  (Hybrid, Pack of 1)",421,171,0.59,Small,No Returns Allowed?,Bamboo,Annual,Indoor,Yes,12.0,Yes,GHF,,,,,,
"UGAOO Jade Plant  (Hybrid, Pack of 1)",495,299,0.39,Small,No Returns Allowed?,Succulent,Annual,Indoor,Yes,1.0,Yes,UGAOO,,,,,,
"bhowmick Areca Palm  (Hybrid, Pack of 1)",599,169,0.71,Medium,No Returns Allowed?,Tree,Perennial,Both,No,1.0,Yes,bhowmick,,,,,,
Nursery Hub Jade Plant  (Pack of 6),1533,399,0.73,Small,No Returns Allowed?,Flower,Annual,Both,No,1.0,No,Nursery Hub,,,,,,
UGAOO Two Layer Bamboo Plant  (Pack of 1),399,249,0.37,Small,No Returns Allowed?,Bamboo,Annual,Indoor,Yes,1.0,No,UGAOO,,,,,,
"AloGardening Guava Plant  (Hybrid, Pack of 1)",349,129,0.63,Small,No Returns Allowed?,Fruit,Perennial,Both,No,1.0,Yes,AloGardening,,,,,,
"bhowmick Baugainvillea Plant  (Hybrid, Pack of 1)",499,134,0.73,Medium,No Returns Allowed?,Flower,Perennial,Both,No,1.0,Yes,bhowmick,,,,,,
UGAOO Three Layer Bamboo Plant  (Pack of 1),499,349,0.3,Small,No Returns Allowed?,Bamboo,Biennial,Indoor,Yes,1.0,No,UGAOO,,,,,,
"EVY Tuberose/Rajnigandha Plant  (Hybrid, Pack of 1)",399,125,0.68,Small,No Returns Allowed?,Herb,Annual,Both,No,1.0,Yes,EVY,,,,,,
UGAOO Philodendron Micans Plant  (Pack of 1),449,329,0.26,Small,No Returns Allowed?,Foliage,Biennial,Indoor,No,1.0,No,UGAOO,,,,,,
"LaughEarth Parijat/Harsingar Plant  (Hybrid, Pack of 1)",499,123,0.75,Small,No Returns Allowed?,Herb,Annual,Both,No,1.0,Yes,LaughEarth,,,,,,
"Green view Coconut Plant  (Hybrid, Pack of 1)",449,271,0.39,Small,No Returns Allowed?,Fruit,Perennial,Both,No,1.0,Yes,Green view,,,,,,
UGAOO Philodendron Brasil Plant  (Pack of 1),449,299,0.33,Small,No Returns Allowed?,Foliage,Annual,Indoor,No,1.0,No,UGAOO,,,,,,
UGAOO Philodendron Brasil Plant  (Pack of 1),449,299,0.33,Small,No Returns Allowed?,Foliage,Annual,Indoor,No,1.0,No,UGAOO,,,,,,
"Unisam Laxmi Lakshmi Kamal Laxmi Kamal Plant  (Hybrid, Pack of 1)",396,177,0.55,Small,No Returns Allowed?,Succulent,Perennial,Both,Yes,1.0,Yes,Unisam Laxmi Lakshmi Kamal,,,,,,
"AloGardening Adenium Plant  (Hybrid, Pack of 6)",789,268,0.66,Small,No Returns Allowed?,Flower,Perennial,Both,No,1.0,Yes,AloGardening,,,,,,
"Heaven Of Saplings Bacopa Monnieri  (Hybrid, Pack of 1)",299,135,0.54,Small,No Returns Allowed?,Herb,Perennial,Both,Yes,0.6,Yes,Heaven Of Saplings,,,,,,
"Cloud Farm Hibiscus Plant  (Hybrid, Pack of 4)",499,165,0.66,Small,No Returns Allowed?,Flower,Perennial,Both,No,1.0,Yes,Cloud Farm,,,,,,
UGAOO Philodendron Brasil Plant  (Pack of 1),555,329,0.4,Small,No Returns Allowed?,Foliage,Biennial,Indoor,No,1.0,No,UGAOO,,,,,,
UGAOO Philodendron Plant  (Pack of 1),449,329,0.26,Small,No Returns Allowed?,Foliage,Biennial,Indoor,No,1.0,No,UGAOO,,,,,,
"AloGardening Dragon Tree  (Hybrid, Pack of 3)",399,133,0.66,Small,No Returns Allowed?,Fruit,Perennial,Both,No,1.0,Yes,AloGardening,,,,,,
"Green view Coconut Plant  (Hybrid, Pack of 1)",419,289,0.31,Small,No Returns Allowed?,Fruit,Perennial,Both,No,1.0,Yes,Green view,,,,,,
UGAOO Green Philodendron Oxycardium Plant  (Pack of 1),595,299,0.49,Small,No Returns Allowed?,Foliage,Biennial,Indoor,No,1.0,No,UGAOO,,,,,,
UGAOO Green Philodendron Oxycardium Plant  (Pack of 1),449,299,0.33,Small,No Returns Allowed?,Foliage,Biennial,Indoor,No,1.0,No,UGAOO,,,,,,
"HARIGURU All Spice Plant  (Hybrid, Pack of 1)",449,179,0.6,Medium,No Returns Allowed?,Herb,Annual,Both,No,0.5,Yes,HARIGURU,,,,,,
UGAOO Njoy Money Plant  (Pack of 1),349,199,0.42,Small,No Returns Allowed?,Creepers and Climbers,Annual,Indoor,No,1.0,No,UGAOO,,,,,,
"Green view Coconut Plant  (Hybrid, Pack of 1)",425,275,0.35,Small,No Returns Allowed?,Fruit,Perennial,Both,No,1.0,Yes,Green view,,,,,,
UGAOO Snake Plant  (Pack of 1),499,249,0.5,Small,No Returns Allowed?,Shrub,Annual,Indoor,No,1.0,No,UGAOO,,,,,,
UGAOO Green Philodendron Oxycardium Plant  (Pack of 1),449,299,0.33,Small,No Returns Allowed?,Foliage,Biennial,Indoor,No,1.0,No,UGAOO,,,,,,
"plantsNpetals Three Layer Bamboo Plant  (Hybrid, Pack of 1)",999,379,0.62,Medium,No Returns Allowed?,Bamboo,Annual,Both,Yes,2.0,Yes,plantsNpetals,,,,,,
UGAOO Syngonium Plant  (Pack of 1),399,199,0.5,Small,No Returns Allowed?,Foliage,Annual,Indoor,Yes,1.0,No,UGAOO,,,,,,
UGAOO Broken Heart Plant  (Pack of 1),349,199,0.42,Small,No Returns Allowed?,Foliage,Annual,Indoor,No,1.0,No,UGAOO,,,,,,
"Green view Coconut Plant  (Hybrid, Pack of 1)",625,298,0.52,Small,No Returns Allowed?,Fruit,Perennial,Both,No,1.0,Yes,Green view,,,,,,
UGAOO Jade Plant  (Pack of 1),349,199,0.42,Small,No Returns Allowed?,Succulent,Annual,Indoor,No,1.0,No,UGAOO,,,,,,
TAYAN Bamboo Palm Plant  (Pack of 1),599,299,0.5,Small,No Returns Allowed?,Shrub,Annual,Indoor,No,1.0,No,TAYAN,,,,,,
Real Nature Two Layer Bamboo Plant  (Pack of 1),699,290,0.58,Small,No Returns Allowed?,Bamboo,Annual,Indoor,Yes,6.0,No,Real Nature,,,,,,
"GIRISHA TRADERS Two Layer Bamboo Plant, Lucky Bamboo Straight Stick, Dracaena Plant  (Pack of 1)",599,229,0.61,Small,No Returns Allowed?,Bamboo,Annual,Indoor,Yes,2.0,No,GIRISHA TRADERS,,,,,,
UGAOO Peace Lily Plant  (Pack of 1),349,199,0.42,Small,No Returns Allowed?,Succulent,Annual,Indoor,No,1.0,No,UGAOO,,,,,,
"plantsNpetals Two Layer Bamboo Plant  (Hybrid, Pack of 1)",999,399,0.6,Medium,No Returns Allowed?,Bamboo,Annual,Both,Yes,2.0,Yes,plantsNpetals,,,,,,
"RJGUDDU Mini Brazalian wood  (Hybrid, Pack of 1)",699,279,0.6,Small,No Returns Allowed?,Bamboo,Annual,Indoor,Yes,2.0,Yes,RJGUDDU,,,,,,
